account_name,tweet,time_posted,compound_score,positive_score,neutral_score,negative_score
BBC,"RT @5liveSport: FT:

#URU 2 - 1 #POR

Portugal, the reigning European champions, are out of the #WorldCup!

Uruguay will face #FRA in the q‚Ä¶",Sat Jun 30 19:56:38 +0000 2018,0.5707,0.15,0.85,0.0
BBC,RT @bbcthree: Would you criticise a stranger like you criticise yourself? https://t.co/VXiSiSZQ8n,Sat Jun 30 19:56:38 +0000 2018,-0.5106,0.153,0.491,0.356
BBC,"With plastic protests around the country and a proposed ban on cotton buds, is plastic becoming the ‚Äònew fur‚Äô?
üëâ‚Ä¶ https://t.co/i5U2OGUYET",Sat Jun 30 19:56:38 +0000 2018,-0.6705,0.0,0.766,0.234
BBC,RT @BBCWorld: Unesco announces new heritage sites around the world https://t.co/8UoJausebb,Sat Jun 30 19:56:38 +0000 2018,0.0,0.0,1.0,0.0
BBC,"üò®üëÄ This AI software uses wireless signals to watch you... even through walls.
(via @BBCClick) https://t.co/T7ne9ZYpX0",Sat Jun 30 19:56:38 +0000 2018,0.0,0.0,1.0,0.0
BBC,"üí™üëï Doing laundry on Fair Isle is not for the faint-hearted!
(via @BBCScotland) https://t.co/EAgT1mt6Ak",Sat Jun 30 19:56:38 +0000 2018,0.3802,0.166,0.834,0.0
BBC,üéß‚úä DJ Switch has big plans for the future. https://t.co/b5CY3vEX7Q,Sat Jun 30 19:56:38 +0000 2018,0.0,0.0,1.0,0.0
BBC,"RT @5liveSport: What a stat üî•‚öΩÔ∏è

Mbappe is the first teenager to score at least twice in a #WorldCup match since Pele ü§©üëè

#FRA 4-2 #ARG

Li‚Ä¶",Sat Jun 30 19:56:38 +0000 2018,0.0,0.0,1.0,0.0
BBC,"üíÑ Does your lipstick threaten the future of one of our closest living relatives?
üëâ https://t.co/ldRFuFMJ23 https://t.co/pFccqj1CXS",Sat Jun 30 19:56:38 +0000 2018,-0.3818,0.0,0.88,0.12
BBC,"RT @Wimbledon: ""It was one of the most emotional matches I played in my career. That final had a big impact on my tennis and personal life""‚Ä¶",Sat Jun 30 19:56:38 +0000 2018,0.5509,0.165,0.835,0.0
BBC,"ü¶Äüò≤ The 'dresser crab' decorates itself with seaweed, sponges and pearls to ward off predators!
#QI https://t.co/l4ziAmbx92",Sat Jun 30 19:56:38 +0000 2018,0.0,0.0,1.0,0.0
BBC,RT @bbcideas: Another unsung heroine you need to know. The life of Mary Anning - told using sand and pebbles from the beach where she worke‚Ä¶,Sat Jun 30 19:56:38 +0000 2018,0.5719,0.134,0.866,0.0
BBC,"RT @BBCBreakfast: üêª The first Sun Bear to ever born in the UK! üòç
How amazing is this little miracle bear? https://t.co/wyRRiXO7eX",Sat Jun 30 19:56:38 +0000 2018,0.891,0.315,0.685,0.0
BBC,üå≤üå≥ Where exactly did Iceland's trees go? https://t.co/Trrrl2KTg2,Sat Jun 30 19:56:38 +0000 2018,0.0,0.0,1.0,0.0
BBC,üòÇ A colour guide for your next spray tan‚Ä¶ https://t.co/MuUMV7qJDH,Sat Jun 30 19:56:38 +0000 2018,0.4404,0.228,0.659,0.114
BBC,"üöÑüòΩüéÄ All aboard Japan's new #HelloKitty themed bullet train!
üëâ https://t.co/8wiL4MDt0W https://t.co/qTplQ9GNdw",Sat Jun 30 19:56:38 +0000 2018,0.1007,0.09,0.91,0.0
BBC,"RT @BBCWalesNews: ‚ù§Ô∏èÔ∏è Nothing was going to stop World War Two pilot Ian Kerr-Bonner from saying a final goodbye to his oldest friend

#Arme‚Ä¶",Sat Jun 30 19:56:38 +0000 2018,-0.4404,0.109,0.683,0.208
BBC,üå≥ How trees secretly talk to each other.  https://t.co/IuLAvWPwKj,Sat Jun 30 19:56:38 +0000 2018,0.0,0.0,1.0,0.0
BBC,"RT @bbc5live: It‚Äôs World Asteroid DayüöÄ

Abigail Harrison, astrobiologist and aspiring astronaut answered all of @chriswarburton_  and 8 yea‚Ä¶",Sat Jun 30 19:56:38 +0000 2018,0.0,0.0,1.0,0.0
BBC,ü§ñüò∑ Claims that a chatbot can diagnose medical conditions as accurately as a GP have sparked a row between the softw‚Ä¶ https://t.co/USXmTRpcyy,Sat Jun 30 19:56:38 +0000 2018,0.0,0.0,1.0,0.0
BBC,"RT @5liveSport: FT:

#URU 2 - 1 #POR

Portugal, the reigning European champions, are out of the #WorldCup!

Uruguay will face #FRA in the q‚Ä¶",Sat Jun 30 19:50:50 +0000 2018,0.5707,0.15,0.85,0.0
BBC,RT @bbcthree: Would you criticise a stranger like you criticise yourself? https://t.co/VXiSiSZQ8n,Sat Jun 30 19:50:50 +0000 2018,-0.5106,0.153,0.491,0.356
BBC,"With plastic protests around the country and a proposed ban on cotton buds, is plastic becoming the ‚Äònew fur‚Äô?
üëâ‚Ä¶ https://t.co/i5U2OGUYET",Sat Jun 30 19:50:50 +0000 2018,-0.6705,0.0,0.766,0.234
BBC,RT @BBCWorld: Unesco announces new heritage sites around the world https://t.co/8UoJausebb,Sat Jun 30 19:50:50 +0000 2018,0.0,0.0,1.0,0.0
BBC,"üò®üëÄ This AI software uses wireless signals to watch you... even through walls.
(via @BBCClick) https://t.co/T7ne9ZYpX0",Sat Jun 30 19:50:50 +0000 2018,0.0,0.0,1.0,0.0
BBC,"üí™üëï Doing laundry on Fair Isle is not for the faint-hearted!
(via @BBCScotland) https://t.co/EAgT1mt6Ak",Sat Jun 30 19:50:50 +0000 2018,0.3802,0.166,0.834,0.0
BBC,üéß‚úä DJ Switch has big plans for the future. https://t.co/b5CY3vEX7Q,Sat Jun 30 19:50:50 +0000 2018,0.0,0.0,1.0,0.0
BBC,"RT @5liveSport: What a stat üî•‚öΩÔ∏è

Mbappe is the first teenager to score at least twice in a #WorldCup match since Pele ü§©üëè

#FRA 4-2 #ARG

Li‚Ä¶",Sat Jun 30 19:50:50 +0000 2018,0.0,0.0,1.0,0.0
BBC,"üíÑ Does your lipstick threaten the future of one of our closest living relatives?
üëâ https://t.co/ldRFuFMJ23 https://t.co/pFccqj1CXS",Sat Jun 30 19:50:50 +0000 2018,-0.3818,0.0,0.88,0.12
BBC,"RT @Wimbledon: ""It was one of the most emotional matches I played in my career. That final had a big impact on my tennis and personal life""‚Ä¶",Sat Jun 30 19:50:50 +0000 2018,0.5509,0.165,0.835,0.0
BBC,"ü¶Äüò≤ The 'dresser crab' decorates itself with seaweed, sponges and pearls to ward off predators!
#QI https://t.co/l4ziAmbx92",Sat Jun 30 19:50:50 +0000 2018,0.0,0.0,1.0,0.0
BBC,RT @bbcideas: Another unsung heroine you need to know. The life of Mary Anning - told using sand and pebbles from the beach where she worke‚Ä¶,Sat Jun 30 19:50:50 +0000 2018,0.5719,0.134,0.866,0.0
BBC,"RT @BBCBreakfast: üêª The first Sun Bear to ever born in the UK! üòç
How amazing is this little miracle bear? https://t.co/wyRRiXO7eX",Sat Jun 30 19:50:50 +0000 2018,0.891,0.315,0.685,0.0
BBC,üå≤üå≥ Where exactly did Iceland's trees go? https://t.co/Trrrl2KTg2,Sat Jun 30 19:50:50 +0000 2018,0.0,0.0,1.0,0.0
BBC,üòÇ A colour guide for your next spray tan‚Ä¶ https://t.co/MuUMV7qJDH,Sat Jun 30 19:50:50 +0000 2018,0.4404,0.228,0.659,0.114
BBC,"üöÑüòΩüéÄ All aboard Japan's new #HelloKitty themed bullet train!
üëâ https://t.co/8wiL4MDt0W https://t.co/qTplQ9GNdw",Sat Jun 30 19:50:50 +0000 2018,0.1007,0.09,0.91,0.0
BBC,"RT @BBCWalesNews: ‚ù§Ô∏èÔ∏è Nothing was going to stop World War Two pilot Ian Kerr-Bonner from saying a final goodbye to his oldest friend

#Arme‚Ä¶",Sat Jun 30 19:50:50 +0000 2018,-0.4404,0.109,0.683,0.208
BBC,üå≥ How trees secretly talk to each other.  https://t.co/IuLAvWPwKj,Sat Jun 30 19:50:50 +0000 2018,0.0,0.0,1.0,0.0
BBC,"RT @bbc5live: It‚Äôs World Asteroid DayüöÄ

Abigail Harrison, astrobiologist and aspiring astronaut answered all of @chriswarburton_  and 8 yea‚Ä¶",Sat Jun 30 19:50:50 +0000 2018,0.0,0.0,1.0,0.0
BBC,ü§ñüò∑ Claims that a chatbot can diagnose medical conditions as accurately as a GP have sparked a row between the softw‚Ä¶ https://t.co/USXmTRpcyy,Sat Jun 30 19:50:50 +0000 2018,0.0,0.0,1.0,0.0
BBC,"RT @5liveSport: FT:

#URU 2 - 1 #POR

Portugal, the reigning European champions, are out of the #WorldCup!

Uruguay will face #FRA in the q‚Ä¶",Sat Jun 30 19:27:05 +0000 2018,0.5707,0.15,0.85,0.0
BBC,RT @bbcthree: Would you criticise a stranger like you criticise yourself? https://t.co/VXiSiSZQ8n,Sat Jun 30 19:27:05 +0000 2018,-0.5106,0.153,0.491,0.356
BBC,"With plastic protests around the country and a proposed ban on cotton buds, is plastic becoming the ‚Äònew fur‚Äô?
üëâ‚Ä¶ https://t.co/i5U2OGUYET",Sat Jun 30 19:27:05 +0000 2018,-0.6705,0.0,0.766,0.234
BBC,RT @BBCWorld: Unesco announces new heritage sites around the world https://t.co/8UoJausebb,Sat Jun 30 19:27:05 +0000 2018,0.0,0.0,1.0,0.0
BBC,"üò®üëÄ This AI software uses wireless signals to watch you... even through walls.
(via @BBCClick) https://t.co/T7ne9ZYpX0",Sat Jun 30 19:27:05 +0000 2018,0.0,0.0,1.0,0.0
BBC,"üí™üëï Doing laundry on Fair Isle is not for the faint-hearted!
(via @BBCScotland) https://t.co/EAgT1mt6Ak",Sat Jun 30 19:27:05 +0000 2018,0.3802,0.166,0.834,0.0
BBC,üéß‚úä DJ Switch has big plans for the future. https://t.co/b5CY3vEX7Q,Sat Jun 30 19:27:05 +0000 2018,0.0,0.0,1.0,0.0
BBC,"RT @5liveSport: What a stat üî•‚öΩÔ∏è

Mbappe is the first teenager to score at least twice in a #WorldCup match since Pele ü§©üëè

#FRA 4-2 #ARG

Li‚Ä¶",Sat Jun 30 19:27:05 +0000 2018,0.0,0.0,1.0,0.0
BBC,"üíÑ Does your lipstick threaten the future of one of our closest living relatives?
üëâ https://t.co/ldRFuFMJ23 https://t.co/pFccqj1CXS",Sat Jun 30 19:27:05 +0000 2018,-0.3818,0.0,0.88,0.12
BBC,"RT @Wimbledon: ""It was one of the most emotional matches I played in my career. That final had a big impact on my tennis and personal life""‚Ä¶",Sat Jun 30 19:27:05 +0000 2018,0.5509,0.165,0.835,0.0
BBC,"ü¶Äüò≤ The 'dresser crab' decorates itself with seaweed, sponges and pearls to ward off predators!
#QI https://t.co/l4ziAmbx92",Sat Jun 30 19:27:05 +0000 2018,0.0,0.0,1.0,0.0
BBC,RT @bbcideas: Another unsung heroine you need to know. The life of Mary Anning - told using sand and pebbles from the beach where she worke‚Ä¶,Sat Jun 30 19:27:05 +0000 2018,0.5719,0.134,0.866,0.0
BBC,"RT @BBCBreakfast: üêª The first Sun Bear to ever born in the UK! üòç
How amazing is this little miracle bear? https://t.co/wyRRiXO7eX",Sat Jun 30 19:27:05 +0000 2018,0.891,0.315,0.685,0.0
BBC,üå≤üå≥ Where exactly did Iceland's trees go? https://t.co/Trrrl2KTg2,Sat Jun 30 19:27:05 +0000 2018,0.0,0.0,1.0,0.0
BBC,üòÇ A colour guide for your next spray tan‚Ä¶ https://t.co/MuUMV7qJDH,Sat Jun 30 19:27:05 +0000 2018,0.4404,0.228,0.659,0.114
BBC,"üöÑüòΩüéÄ All aboard Japan's new #HelloKitty themed bullet train!
üëâ https://t.co/8wiL4MDt0W https://t.co/qTplQ9GNdw",Sat Jun 30 19:27:05 +0000 2018,0.1007,0.09,0.91,0.0
BBC,"RT @BBCWalesNews: ‚ù§Ô∏èÔ∏è Nothing was going to stop World War Two pilot Ian Kerr-Bonner from saying a final goodbye to his oldest friend

#Arme‚Ä¶",Sat Jun 30 19:27:05 +0000 2018,-0.4404,0.109,0.683,0.208
BBC,üå≥ How trees secretly talk to each other.  https://t.co/IuLAvWPwKj,Sat Jun 30 19:27:05 +0000 2018,0.0,0.0,1.0,0.0
BBC,"RT @bbc5live: It‚Äôs World Asteroid DayüöÄ

Abigail Harrison, astrobiologist and aspiring astronaut answered all of @chriswarburton_  and 8 yea‚Ä¶",Sat Jun 30 19:27:05 +0000 2018,0.0,0.0,1.0,0.0
BBC,ü§ñüò∑ Claims that a chatbot can diagnose medical conditions as accurately as a GP have sparked a row between the softw‚Ä¶ https://t.co/USXmTRpcyy,Sat Jun 30 19:27:05 +0000 2018,0.0,0.0,1.0,0.0
BBC,"RT @5liveSport: FT:

#URU 2 - 1 #POR

Portugal, the reigning European champions, are out of the #WorldCup!

Uruguay will face #FRA in the q‚Ä¶",Sat Jun 30 18:28:48 +0000 2018,0.5707,0.15,0.85,0.0
BBC,RT @bbcthree: Would you criticise a stranger like you criticise yourself? https://t.co/VXiSiSZQ8n,Sat Jun 30 18:28:48 +0000 2018,-0.5106,0.153,0.491,0.356
BBC,"With plastic protests around the country and a proposed ban on cotton buds, is plastic becoming the ‚Äònew fur‚Äô?
üëâ‚Ä¶ https://t.co/i5U2OGUYET",Sat Jun 30 18:28:48 +0000 2018,-0.6705,0.0,0.766,0.234
BBC,RT @BBCWorld: Unesco announces new heritage sites around the world https://t.co/8UoJausebb,Sat Jun 30 18:28:48 +0000 2018,0.0,0.0,1.0,0.0
BBC,"üò®üëÄ This AI software uses wireless signals to watch you... even through walls.
(via @BBCClick) https://t.co/T7ne9ZYpX0",Sat Jun 30 18:28:48 +0000 2018,0.0,0.0,1.0,0.0
BBC,"üí™üëï Doing laundry on Fair Isle is not for the faint-hearted!
(via @BBCScotland) https://t.co/EAgT1mt6Ak",Sat Jun 30 18:28:48 +0000 2018,0.3802,0.166,0.834,0.0
BBC,üéß‚úä DJ Switch has big plans for the future. https://t.co/b5CY3vEX7Q,Sat Jun 30 18:28:48 +0000 2018,0.0,0.0,1.0,0.0
BBC,"RT @5liveSport: What a stat üî•‚öΩÔ∏è

Mbappe is the first teenager to score at least twice in a #WorldCup match since Pele ü§©üëè

#FRA 4-2 #ARG

Li‚Ä¶",Sat Jun 30 18:28:48 +0000 2018,0.0,0.0,1.0,0.0
BBC,"üíÑ Does your lipstick threaten the future of one of our closest living relatives?
üëâ https://t.co/ldRFuFMJ23 https://t.co/pFccqj1CXS",Sat Jun 30 18:28:48 +0000 2018,-0.3818,0.0,0.88,0.12
BBC,"RT @Wimbledon: ""It was one of the most emotional matches I played in my career. That final had a big impact on my tennis and personal life""‚Ä¶",Sat Jun 30 18:28:48 +0000 2018,0.5509,0.165,0.835,0.0
BBC,"ü¶Äüò≤ The 'dresser crab' decorates itself with seaweed, sponges and pearls to ward off predators!
#QI https://t.co/l4ziAmbx92",Sat Jun 30 18:28:48 +0000 2018,0.0,0.0,1.0,0.0
BBC,RT @bbcideas: Another unsung heroine you need to know. The life of Mary Anning - told using sand and pebbles from the beach where she worke‚Ä¶,Sat Jun 30 18:28:48 +0000 2018,0.5719,0.134,0.866,0.0
BBC,"RT @BBCBreakfast: üêª The first Sun Bear to ever born in the UK! üòç
How amazing is this little miracle bear? https://t.co/wyRRiXO7eX",Sat Jun 30 18:28:48 +0000 2018,0.891,0.315,0.685,0.0
BBC,üå≤üå≥ Where exactly did Iceland's trees go? https://t.co/Trrrl2KTg2,Sat Jun 30 18:28:48 +0000 2018,0.0,0.0,1.0,0.0
BBC,üòÇ A colour guide for your next spray tan‚Ä¶ https://t.co/MuUMV7qJDH,Sat Jun 30 18:28:48 +0000 2018,0.4404,0.228,0.659,0.114
BBC,"üöÑüòΩüéÄ All aboard Japan's new #HelloKitty themed bullet train!
üëâ https://t.co/8wiL4MDt0W https://t.co/qTplQ9GNdw",Sat Jun 30 18:28:48 +0000 2018,0.1007,0.09,0.91,0.0
BBC,"RT @BBCWalesNews: ‚ù§Ô∏èÔ∏è Nothing was going to stop World War Two pilot Ian Kerr-Bonner from saying a final goodbye to his oldest friend

#Arme‚Ä¶",Sat Jun 30 18:28:48 +0000 2018,-0.4404,0.109,0.683,0.208
BBC,üå≥ How trees secretly talk to each other.  https://t.co/IuLAvWPwKj,Sat Jun 30 18:28:48 +0000 2018,0.0,0.0,1.0,0.0
BBC,"RT @bbc5live: It‚Äôs World Asteroid DayüöÄ

Abigail Harrison, astrobiologist and aspiring astronaut answered all of @chriswarburton_  and 8 yea‚Ä¶",Sat Jun 30 18:28:48 +0000 2018,0.0,0.0,1.0,0.0
BBC,ü§ñüò∑ Claims that a chatbot can diagnose medical conditions as accurately as a GP have sparked a row between the softw‚Ä¶ https://t.co/USXmTRpcyy,Sat Jun 30 18:28:48 +0000 2018,0.0,0.0,1.0,0.0
BBC,"RT @5liveSport: FT:

#URU 2 - 1 #POR

Portugal, the reigning European champions, are out of the #WorldCup!

Uruguay will face #FRA in the q‚Ä¶",Sat Jun 30 18:12:00 +0000 2018,0.5707,0.15,0.85,0.0
BBC,RT @bbcthree: Would you criticise a stranger like you criticise yourself? https://t.co/VXiSiSZQ8n,Sat Jun 30 18:12:00 +0000 2018,-0.5106,0.153,0.491,0.356
BBC,"With plastic protests around the country and a proposed ban on cotton buds, is plastic becoming the ‚Äònew fur‚Äô?
üëâ‚Ä¶ https://t.co/i5U2OGUYET",Sat Jun 30 18:12:00 +0000 2018,-0.6705,0.0,0.766,0.234
BBC,RT @BBCWorld: Unesco announces new heritage sites around the world https://t.co/8UoJausebb,Sat Jun 30 18:12:00 +0000 2018,0.0,0.0,1.0,0.0
BBC,"üò®üëÄ This AI software uses wireless signals to watch you... even through walls.
(via @BBCClick) https://t.co/T7ne9ZYpX0",Sat Jun 30 18:12:00 +0000 2018,0.0,0.0,1.0,0.0
BBC,"üí™üëï Doing laundry on Fair Isle is not for the faint-hearted!
(via @BBCScotland) https://t.co/EAgT1mt6Ak",Sat Jun 30 18:12:00 +0000 2018,0.3802,0.166,0.834,0.0
BBC,üéß‚úä DJ Switch has big plans for the future. https://t.co/b5CY3vEX7Q,Sat Jun 30 18:12:00 +0000 2018,0.0,0.0,1.0,0.0
BBC,"RT @5liveSport: What a stat üî•‚öΩÔ∏è

Mbappe is the first teenager to score at least twice in a #WorldCup match since Pele ü§©üëè

#FRA 4-2 #ARG

Li‚Ä¶",Sat Jun 30 18:12:00 +0000 2018,0.0,0.0,1.0,0.0
BBC,"üíÑ Does your lipstick threaten the future of one of our closest living relatives?
üëâ https://t.co/ldRFuFMJ23 https://t.co/pFccqj1CXS",Sat Jun 30 18:12:00 +0000 2018,-0.3818,0.0,0.88,0.12
BBC,"RT @Wimbledon: ""It was one of the most emotional matches I played in my career. That final had a big impact on my tennis and personal life""‚Ä¶",Sat Jun 30 18:12:00 +0000 2018,0.5509,0.165,0.835,0.0
BBC,"ü¶Äüò≤ The 'dresser crab' decorates itself with seaweed, sponges and pearls to ward off predators!
#QI https://t.co/l4ziAmbx92",Sat Jun 30 18:12:00 +0000 2018,0.0,0.0,1.0,0.0
BBC,RT @bbcideas: Another unsung heroine you need to know. The life of Mary Anning - told using sand and pebbles from the beach where she worke‚Ä¶,Sat Jun 30 18:12:00 +0000 2018,0.5719,0.134,0.866,0.0
BBC,"RT @BBCBreakfast: üêª The first Sun Bear to ever born in the UK! üòç
How amazing is this little miracle bear? https://t.co/wyRRiXO7eX",Sat Jun 30 18:12:00 +0000 2018,0.891,0.315,0.685,0.0
BBC,üå≤üå≥ Where exactly did Iceland's trees go? https://t.co/Trrrl2KTg2,Sat Jun 30 18:12:00 +0000 2018,0.0,0.0,1.0,0.0
BBC,üòÇ A colour guide for your next spray tan‚Ä¶ https://t.co/MuUMV7qJDH,Sat Jun 30 18:12:00 +0000 2018,0.4404,0.228,0.659,0.114
BBC,"üöÑüòΩüéÄ All aboard Japan's new #HelloKitty themed bullet train!
üëâ https://t.co/8wiL4MDt0W https://t.co/qTplQ9GNdw",Sat Jun 30 18:12:00 +0000 2018,0.1007,0.09,0.91,0.0
BBC,"RT @BBCWalesNews: ‚ù§Ô∏èÔ∏è Nothing was going to stop World War Two pilot Ian Kerr-Bonner from saying a final goodbye to his oldest friend

#Arme‚Ä¶",Sat Jun 30 18:12:00 +0000 2018,-0.4404,0.109,0.683,0.208
BBC,üå≥ How trees secretly talk to each other.  https://t.co/IuLAvWPwKj,Sat Jun 30 18:12:00 +0000 2018,0.0,0.0,1.0,0.0
BBC,"RT @bbc5live: It‚Äôs World Asteroid DayüöÄ

Abigail Harrison, astrobiologist and aspiring astronaut answered all of @chriswarburton_  and 8 yea‚Ä¶",Sat Jun 30 18:12:00 +0000 2018,0.0,0.0,1.0,0.0
BBC,ü§ñüò∑ Claims that a chatbot can diagnose medical conditions as accurately as a GP have sparked a row between the softw‚Ä¶ https://t.co/USXmTRpcyy,Sat Jun 30 18:12:00 +0000 2018,0.0,0.0,1.0,0.0
CBSNews,Would you get behind the wheel if you were staring down an AK-47? This Texas company can help give you the confiden‚Ä¶ https://t.co/k9ooMxbAT4,Sat Jun 30 21:20:06 +0000 2018,0.4019,0.109,0.891,0.0
CBSNews,"John Whitbeck, the chairman of the Republican Party of Virginia, is resigning after more than three years in his po‚Ä¶ https://t.co/z5TULQsc9w",Sat Jun 30 21:20:06 +0000 2018,0.2023,0.114,0.805,0.081
CBSNews,President Trump says he has received assurances from King Salman of Saudi Arabia that the kingdom will increase oil‚Ä¶ https://t.co/4nRNlVp4HK,Sat Jun 30 21:20:06 +0000 2018,0.5719,0.207,0.793,0.0
CBSNews,"His work with Pavement is considered some of the most influential music of the 90's. Now, Stephen Malkmus has a pec‚Ä¶ https://t.co/mp4N94yTht",Sat Jun 30 21:20:06 +0000 2018,0.4927,0.138,0.862,0.0
CBSNews,Arnold Schwarzenegger's response to being called a snowflake was too chill  https://t.co/bafRFtHLyO https://t.co/soR3PWu7np,Sat Jun 30 21:20:06 +0000 2018,0.0,0.0,1.0,0.0
CBSNews,"President Trump said he hopes that Democrats who are calling to abolish ICE ""keep thinking about it"" because ""they'‚Ä¶ https://t.co/fDMKfVLO1U",Sat Jun 30 21:20:06 +0000 2018,0.4215,0.128,0.872,0.0
CBSNews,"From New York to L.A., hundreds of thousands took to the streets as part of the #FamiliesBelongTogetherMarch to pro‚Ä¶ https://t.co/Ygdvz5ZHcD",Sat Jun 30 21:20:06 +0000 2018,0.0,0.0,1.0,0.0
CBSNews,"When he lost his leg in combat, U.S. Army Specialist Anthony Farve didn't know if he'd ever be part of a team again‚Ä¶ https://t.co/xb2jOTEHs8",Sat Jun 30 21:20:06 +0000 2018,-0.5719,0.0,0.817,0.183
CBSNews,Their numbers dropped from almost 600 in 1997 to just 30 today. Marine biologists and conservationists are scrambli‚Ä¶ https://t.co/vVpChuFzII,Sat Jun 30 21:20:06 +0000 2018,0.0,0.0,1.0,0.0
CBSNews,"On Sunday, Massachusetts will become the first East Coast state to allow the sale of recreational marijuana‚Ä¶ https://t.co/TExVyPsRrz",Sat Jun 30 21:20:06 +0000 2018,0.2263,0.101,0.899,0.0
CBSNews,"The U.S. Department of Education estimates at least 32,000 college students were homeless in 2017‚Ä¶ https://t.co/cjcoyiAo5H",Sat Jun 30 21:20:06 +0000 2018,0.0,0.0,1.0,0.0
CBSNews,"WATCH: Lin-Manuel Miranda performs at the ""Families Belong Together"" immigration march in Washington, D.C.‚Ä¶ https://t.co/fVHzhBt0kB",Sat Jun 30 21:20:06 +0000 2018,0.0,0.0,1.0,0.0
CBSNews,"An orphaned bear cub burned in a Colorado wildfire is being nursed back to health, and is expected to be reintroduc‚Ä¶ https://t.co/N5JPkIWwAf",Sat Jun 30 21:20:06 +0000 2018,0.0,0.0,1.0,0.0
CBSNews,"""Once my family was taken, I became fully aware that my community matters less to some people. That we are treated‚Ä¶ https://t.co/A3pZe1cDQT",Sat Jun 30 21:20:06 +0000 2018,0.0258,0.052,0.948,0.0
CBSNews,"""I am here today as a woman who as a young child was separated from her family. I am here today to be painfully hon‚Ä¶ https://t.co/DHrobAEA8d",Sat Jun 30 21:20:06 +0000 2018,-0.5267,0.0,0.866,0.134
CBSNews,Many anti-Trump activists are driving the hashtag #abolishICE on Twitter‚Äî now potential Democratic contenders in 20‚Ä¶ https://t.co/e1o2Fv695g,Sat Jun 30 21:20:06 +0000 2018,0.0,0.0,1.0,0.0
CBSNews,"""I live with the constant fear of losing my mom to deportation. My mom is strong, beautiful and brave. She is also‚Ä¶ https://t.co/RUg3b7oEb4",Sat Jun 30 21:20:06 +0000 2018,0.7003,0.308,0.523,0.169
CBSNews,"Leah, a 12-year-old girl from Miami, addresses D.C. crowd: ""I don't understand why they are being so mean to us chi‚Ä¶ https://t.co/YWdJs8jyRN",Sat Jun 30 21:20:06 +0000 2018,0.0,0.0,1.0,0.0
CBSNews,"""Our government also continues to separate U.S. citizen children like me from their parents every day. This is evil‚Ä¶ https://t.co/jNcHuQob2l",Sat Jun 30 21:20:06 +0000 2018,0.3612,0.116,0.884,0.0
CBSNews,"Syrian-American woman tells crowd in Washington, D.C.: ""For those of you who are lucky enough to not have been targ‚Ä¶ https://t.co/2AsfGqFjfE",Sat Jun 30 21:20:06 +0000 2018,0.4215,0.123,0.877,0.0
CBSNews,Would you get behind the wheel if you were staring down an AK-47? This Texas company can help give you the confiden‚Ä¶ https://t.co/k9ooMxbAT4,Sat Jun 30 21:00:02 +0000 2018,0.4019,0.109,0.891,0.0
CBSNews,"John Whitbeck, the chairman of the Republican Party of Virginia, is resigning after more than three years in his po‚Ä¶ https://t.co/z5TULQsc9w",Sat Jun 30 21:00:02 +0000 2018,0.2023,0.114,0.805,0.081
CBSNews,President Trump says he has received assurances from King Salman of Saudi Arabia that the kingdom will increase oil‚Ä¶ https://t.co/4nRNlVp4HK,Sat Jun 30 21:00:02 +0000 2018,0.5719,0.207,0.793,0.0
CBSNews,"His work with Pavement is considered some of the most influential music of the 90's. Now, Stephen Malkmus has a pec‚Ä¶ https://t.co/mp4N94yTht",Sat Jun 30 21:00:02 +0000 2018,0.4927,0.138,0.862,0.0
CBSNews,Arnold Schwarzenegger's response to being called a snowflake was too chill  https://t.co/bafRFtHLyO https://t.co/soR3PWu7np,Sat Jun 30 21:00:02 +0000 2018,0.0,0.0,1.0,0.0
CBSNews,"President Trump said he hopes that Democrats who are calling to abolish ICE ""keep thinking about it"" because ""they'‚Ä¶ https://t.co/fDMKfVLO1U",Sat Jun 30 21:00:02 +0000 2018,0.4215,0.128,0.872,0.0
CBSNews,"From New York to L.A., hundreds of thousands took to the streets as part of the #FamiliesBelongTogetherMarch to pro‚Ä¶ https://t.co/Ygdvz5ZHcD",Sat Jun 30 21:00:02 +0000 2018,0.0,0.0,1.0,0.0
CBSNews,"When he lost his leg in combat, U.S. Army Specialist Anthony Farve didn't know if he'd ever be part of a team again‚Ä¶ https://t.co/xb2jOTEHs8",Sat Jun 30 21:00:02 +0000 2018,-0.5719,0.0,0.817,0.183
CBSNews,Their numbers dropped from almost 600 in 1997 to just 30 today. Marine biologists and conservationists are scrambli‚Ä¶ https://t.co/vVpChuFzII,Sat Jun 30 21:00:02 +0000 2018,0.0,0.0,1.0,0.0
CBSNews,"On Sunday, Massachusetts will become the first East Coast state to allow the sale of recreational marijuana‚Ä¶ https://t.co/TExVyPsRrz",Sat Jun 30 21:00:02 +0000 2018,0.2263,0.101,0.899,0.0
CBSNews,"The U.S. Department of Education estimates at least 32,000 college students were homeless in 2017‚Ä¶ https://t.co/cjcoyiAo5H",Sat Jun 30 21:00:02 +0000 2018,0.0,0.0,1.0,0.0
CBSNews,"WATCH: Lin-Manuel Miranda performs at the ""Families Belong Together"" immigration march in Washington, D.C.‚Ä¶ https://t.co/fVHzhBt0kB",Sat Jun 30 21:00:02 +0000 2018,0.0,0.0,1.0,0.0
CBSNews,"An orphaned bear cub burned in a Colorado wildfire is being nursed back to health, and is expected to be reintroduc‚Ä¶ https://t.co/N5JPkIWwAf",Sat Jun 30 21:00:02 +0000 2018,0.0,0.0,1.0,0.0
CBSNews,"""Once my family was taken, I became fully aware that my community matters less to some people. That we are treated‚Ä¶ https://t.co/A3pZe1cDQT",Sat Jun 30 21:00:02 +0000 2018,0.0258,0.052,0.948,0.0
CBSNews,"""I am here today as a woman who as a young child was separated from her family. I am here today to be painfully hon‚Ä¶ https://t.co/DHrobAEA8d",Sat Jun 30 21:00:02 +0000 2018,-0.5267,0.0,0.866,0.134
CBSNews,Many anti-Trump activists are driving the hashtag #abolishICE on Twitter‚Äî now potential Democratic contenders in 20‚Ä¶ https://t.co/e1o2Fv695g,Sat Jun 30 21:00:02 +0000 2018,0.0,0.0,1.0,0.0
CBSNews,"""I live with the constant fear of losing my mom to deportation. My mom is strong, beautiful and brave. She is also‚Ä¶ https://t.co/RUg3b7oEb4",Sat Jun 30 21:00:02 +0000 2018,0.7003,0.308,0.523,0.169
CBSNews,"Leah, a 12-year-old girl from Miami, addresses D.C. crowd: ""I don't understand why they are being so mean to us chi‚Ä¶ https://t.co/YWdJs8jyRN",Sat Jun 30 21:00:02 +0000 2018,0.0,0.0,1.0,0.0
CBSNews,"""Our government also continues to separate U.S. citizen children like me from their parents every day. This is evil‚Ä¶ https://t.co/jNcHuQob2l",Sat Jun 30 21:00:02 +0000 2018,0.3612,0.116,0.884,0.0
CBSNews,"Syrian-American woman tells crowd in Washington, D.C.: ""For those of you who are lucky enough to not have been targ‚Ä¶ https://t.co/2AsfGqFjfE",Sat Jun 30 21:00:02 +0000 2018,0.4215,0.123,0.877,0.0
CBSNews,Would you get behind the wheel if you were staring down an AK-47? This Texas company can help give you the confiden‚Ä¶ https://t.co/k9ooMxbAT4,Sat Jun 30 20:40:01 +0000 2018,0.4019,0.109,0.891,0.0
CBSNews,"John Whitbeck, the chairman of the Republican Party of Virginia, is resigning after more than three years in his po‚Ä¶ https://t.co/z5TULQsc9w",Sat Jun 30 20:40:01 +0000 2018,0.2023,0.114,0.805,0.081
CBSNews,President Trump says he has received assurances from King Salman of Saudi Arabia that the kingdom will increase oil‚Ä¶ https://t.co/4nRNlVp4HK,Sat Jun 30 20:40:01 +0000 2018,0.5719,0.207,0.793,0.0
CBSNews,"His work with Pavement is considered some of the most influential music of the 90's. Now, Stephen Malkmus has a pec‚Ä¶ https://t.co/mp4N94yTht",Sat Jun 30 20:40:01 +0000 2018,0.4927,0.138,0.862,0.0
CBSNews,Arnold Schwarzenegger's response to being called a snowflake was too chill  https://t.co/bafRFtHLyO https://t.co/soR3PWu7np,Sat Jun 30 20:40:01 +0000 2018,0.0,0.0,1.0,0.0
CBSNews,"President Trump said he hopes that Democrats who are calling to abolish ICE ""keep thinking about it"" because ""they'‚Ä¶ https://t.co/fDMKfVLO1U",Sat Jun 30 20:40:01 +0000 2018,0.4215,0.128,0.872,0.0
CBSNews,"From New York to L.A., hundreds of thousands took to the streets as part of the #FamiliesBelongTogetherMarch to pro‚Ä¶ https://t.co/Ygdvz5ZHcD",Sat Jun 30 20:40:01 +0000 2018,0.0,0.0,1.0,0.0
CBSNews,"When he lost his leg in combat, U.S. Army Specialist Anthony Farve didn't know if he'd ever be part of a team again‚Ä¶ https://t.co/xb2jOTEHs8",Sat Jun 30 20:40:01 +0000 2018,-0.5719,0.0,0.817,0.183
CBSNews,Their numbers dropped from almost 600 in 1997 to just 30 today. Marine biologists and conservationists are scrambli‚Ä¶ https://t.co/vVpChuFzII,Sat Jun 30 20:40:01 +0000 2018,0.0,0.0,1.0,0.0
CBSNews,"On Sunday, Massachusetts will become the first East Coast state to allow the sale of recreational marijuana‚Ä¶ https://t.co/TExVyPsRrz",Sat Jun 30 20:40:01 +0000 2018,0.2263,0.101,0.899,0.0
CBSNews,"The U.S. Department of Education estimates at least 32,000 college students were homeless in 2017‚Ä¶ https://t.co/cjcoyiAo5H",Sat Jun 30 20:40:01 +0000 2018,0.0,0.0,1.0,0.0
CBSNews,"WATCH: Lin-Manuel Miranda performs at the ""Families Belong Together"" immigration march in Washington, D.C.‚Ä¶ https://t.co/fVHzhBt0kB",Sat Jun 30 20:40:01 +0000 2018,0.0,0.0,1.0,0.0
CBSNews,"An orphaned bear cub burned in a Colorado wildfire is being nursed back to health, and is expected to be reintroduc‚Ä¶ https://t.co/N5JPkIWwAf",Sat Jun 30 20:40:01 +0000 2018,0.0,0.0,1.0,0.0
CBSNews,"""Once my family was taken, I became fully aware that my community matters less to some people. That we are treated‚Ä¶ https://t.co/A3pZe1cDQT",Sat Jun 30 20:40:01 +0000 2018,0.0258,0.052,0.948,0.0
CBSNews,"""I am here today as a woman who as a young child was separated from her family. I am here today to be painfully hon‚Ä¶ https://t.co/DHrobAEA8d",Sat Jun 30 20:40:01 +0000 2018,-0.5267,0.0,0.866,0.134
CBSNews,Many anti-Trump activists are driving the hashtag #abolishICE on Twitter‚Äî now potential Democratic contenders in 20‚Ä¶ https://t.co/e1o2Fv695g,Sat Jun 30 20:40:01 +0000 2018,0.0,0.0,1.0,0.0
CBSNews,"""I live with the constant fear of losing my mom to deportation. My mom is strong, beautiful and brave. She is also‚Ä¶ https://t.co/RUg3b7oEb4",Sat Jun 30 20:40:01 +0000 2018,0.7003,0.308,0.523,0.169
CBSNews,"Leah, a 12-year-old girl from Miami, addresses D.C. crowd: ""I don't understand why they are being so mean to us chi‚Ä¶ https://t.co/YWdJs8jyRN",Sat Jun 30 20:40:01 +0000 2018,0.0,0.0,1.0,0.0
CBSNews,"""Our government also continues to separate U.S. citizen children like me from their parents every day. This is evil‚Ä¶ https://t.co/jNcHuQob2l",Sat Jun 30 20:40:01 +0000 2018,0.3612,0.116,0.884,0.0
CBSNews,"Syrian-American woman tells crowd in Washington, D.C.: ""For those of you who are lucky enough to not have been targ‚Ä¶ https://t.co/2AsfGqFjfE",Sat Jun 30 20:40:01 +0000 2018,0.4215,0.123,0.877,0.0
CBSNews,Would you get behind the wheel if you were staring down an AK-47? This Texas company can help give you the confiden‚Ä¶ https://t.co/k9ooMxbAT4,Sat Jun 30 20:19:34 +0000 2018,0.4019,0.109,0.891,0.0
CBSNews,"John Whitbeck, the chairman of the Republican Party of Virginia, is resigning after more than three years in his po‚Ä¶ https://t.co/z5TULQsc9w",Sat Jun 30 20:19:34 +0000 2018,0.2023,0.114,0.805,0.081
CBSNews,President Trump says he has received assurances from King Salman of Saudi Arabia that the kingdom will increase oil‚Ä¶ https://t.co/4nRNlVp4HK,Sat Jun 30 20:19:34 +0000 2018,0.5719,0.207,0.793,0.0
CBSNews,"His work with Pavement is considered some of the most influential music of the 90's. Now, Stephen Malkmus has a pec‚Ä¶ https://t.co/mp4N94yTht",Sat Jun 30 20:19:34 +0000 2018,0.4927,0.138,0.862,0.0
CBSNews,Arnold Schwarzenegger's response to being called a snowflake was too chill  https://t.co/bafRFtHLyO https://t.co/soR3PWu7np,Sat Jun 30 20:19:34 +0000 2018,0.0,0.0,1.0,0.0
CBSNews,"President Trump said he hopes that Democrats who are calling to abolish ICE ""keep thinking about it"" because ""they'‚Ä¶ https://t.co/fDMKfVLO1U",Sat Jun 30 20:19:34 +0000 2018,0.4215,0.128,0.872,0.0
CBSNews,"From New York to L.A., hundreds of thousands took to the streets as part of the #FamiliesBelongTogetherMarch to pro‚Ä¶ https://t.co/Ygdvz5ZHcD",Sat Jun 30 20:19:34 +0000 2018,0.0,0.0,1.0,0.0
CBSNews,"When he lost his leg in combat, U.S. Army Specialist Anthony Farve didn't know if he'd ever be part of a team again‚Ä¶ https://t.co/xb2jOTEHs8",Sat Jun 30 20:19:34 +0000 2018,-0.5719,0.0,0.817,0.183
CBSNews,Their numbers dropped from almost 600 in 1997 to just 30 today. Marine biologists and conservationists are scrambli‚Ä¶ https://t.co/vVpChuFzII,Sat Jun 30 20:19:34 +0000 2018,0.0,0.0,1.0,0.0
CBSNews,"On Sunday, Massachusetts will become the first East Coast state to allow the sale of recreational marijuana‚Ä¶ https://t.co/TExVyPsRrz",Sat Jun 30 20:19:34 +0000 2018,0.2263,0.101,0.899,0.0
CBSNews,"The U.S. Department of Education estimates at least 32,000 college students were homeless in 2017‚Ä¶ https://t.co/cjcoyiAo5H",Sat Jun 30 20:19:34 +0000 2018,0.0,0.0,1.0,0.0
CBSNews,"WATCH: Lin-Manuel Miranda performs at the ""Families Belong Together"" immigration march in Washington, D.C.‚Ä¶ https://t.co/fVHzhBt0kB",Sat Jun 30 20:19:34 +0000 2018,0.0,0.0,1.0,0.0
CBSNews,"An orphaned bear cub burned in a Colorado wildfire is being nursed back to health, and is expected to be reintroduc‚Ä¶ https://t.co/N5JPkIWwAf",Sat Jun 30 20:19:34 +0000 2018,0.0,0.0,1.0,0.0
CBSNews,"""Once my family was taken, I became fully aware that my community matters less to some people. That we are treated‚Ä¶ https://t.co/A3pZe1cDQT",Sat Jun 30 20:19:34 +0000 2018,0.0258,0.052,0.948,0.0
CBSNews,"""I am here today as a woman who as a young child was separated from her family. I am here today to be painfully hon‚Ä¶ https://t.co/DHrobAEA8d",Sat Jun 30 20:19:34 +0000 2018,-0.5267,0.0,0.866,0.134
CBSNews,Many anti-Trump activists are driving the hashtag #abolishICE on Twitter‚Äî now potential Democratic contenders in 20‚Ä¶ https://t.co/e1o2Fv695g,Sat Jun 30 20:19:34 +0000 2018,0.0,0.0,1.0,0.0
CBSNews,"""I live with the constant fear of losing my mom to deportation. My mom is strong, beautiful and brave. She is also‚Ä¶ https://t.co/RUg3b7oEb4",Sat Jun 30 20:19:34 +0000 2018,0.7003,0.308,0.523,0.169
CBSNews,"Leah, a 12-year-old girl from Miami, addresses D.C. crowd: ""I don't understand why they are being so mean to us chi‚Ä¶ https://t.co/YWdJs8jyRN",Sat Jun 30 20:19:34 +0000 2018,0.0,0.0,1.0,0.0
CBSNews,"""Our government also continues to separate U.S. citizen children like me from their parents every day. This is evil‚Ä¶ https://t.co/jNcHuQob2l",Sat Jun 30 20:19:34 +0000 2018,0.3612,0.116,0.884,0.0
CBSNews,"Syrian-American woman tells crowd in Washington, D.C.: ""For those of you who are lucky enough to not have been targ‚Ä¶ https://t.co/2AsfGqFjfE",Sat Jun 30 20:19:34 +0000 2018,0.4215,0.123,0.877,0.0
CBSNews,Would you get behind the wheel if you were staring down an AK-47? This Texas company can help give you the confiden‚Ä¶ https://t.co/k9ooMxbAT4,Sat Jun 30 19:59:53 +0000 2018,0.4019,0.109,0.891,0.0
CBSNews,"John Whitbeck, the chairman of the Republican Party of Virginia, is resigning after more than three years in his po‚Ä¶ https://t.co/z5TULQsc9w",Sat Jun 30 19:59:53 +0000 2018,0.2023,0.114,0.805,0.081
CBSNews,President Trump says he has received assurances from King Salman of Saudi Arabia that the kingdom will increase oil‚Ä¶ https://t.co/4nRNlVp4HK,Sat Jun 30 19:59:53 +0000 2018,0.5719,0.207,0.793,0.0
CBSNews,"His work with Pavement is considered some of the most influential music of the 90's. Now, Stephen Malkmus has a pec‚Ä¶ https://t.co/mp4N94yTht",Sat Jun 30 19:59:53 +0000 2018,0.4927,0.138,0.862,0.0
CBSNews,Arnold Schwarzenegger's response to being called a snowflake was too chill  https://t.co/bafRFtHLyO https://t.co/soR3PWu7np,Sat Jun 30 19:59:53 +0000 2018,0.0,0.0,1.0,0.0
CBSNews,"President Trump said he hopes that Democrats who are calling to abolish ICE ""keep thinking about it"" because ""they'‚Ä¶ https://t.co/fDMKfVLO1U",Sat Jun 30 19:59:53 +0000 2018,0.4215,0.128,0.872,0.0
CBSNews,"From New York to L.A., hundreds of thousands took to the streets as part of the #FamiliesBelongTogetherMarch to pro‚Ä¶ https://t.co/Ygdvz5ZHcD",Sat Jun 30 19:59:53 +0000 2018,0.0,0.0,1.0,0.0
CBSNews,"When he lost his leg in combat, U.S. Army Specialist Anthony Farve didn't know if he'd ever be part of a team again‚Ä¶ https://t.co/xb2jOTEHs8",Sat Jun 30 19:59:53 +0000 2018,-0.5719,0.0,0.817,0.183
CBSNews,Their numbers dropped from almost 600 in 1997 to just 30 today. Marine biologists and conservationists are scrambli‚Ä¶ https://t.co/vVpChuFzII,Sat Jun 30 19:59:53 +0000 2018,0.0,0.0,1.0,0.0
CBSNews,"On Sunday, Massachusetts will become the first East Coast state to allow the sale of recreational marijuana‚Ä¶ https://t.co/TExVyPsRrz",Sat Jun 30 19:59:53 +0000 2018,0.2263,0.101,0.899,0.0
CBSNews,"The U.S. Department of Education estimates at least 32,000 college students were homeless in 2017‚Ä¶ https://t.co/cjcoyiAo5H",Sat Jun 30 19:59:53 +0000 2018,0.0,0.0,1.0,0.0
CBSNews,"WATCH: Lin-Manuel Miranda performs at the ""Families Belong Together"" immigration march in Washington, D.C.‚Ä¶ https://t.co/fVHzhBt0kB",Sat Jun 30 19:59:53 +0000 2018,0.0,0.0,1.0,0.0
CBSNews,"An orphaned bear cub burned in a Colorado wildfire is being nursed back to health, and is expected to be reintroduc‚Ä¶ https://t.co/N5JPkIWwAf",Sat Jun 30 19:59:53 +0000 2018,0.0,0.0,1.0,0.0
CBSNews,"""Once my family was taken, I became fully aware that my community matters less to some people. That we are treated‚Ä¶ https://t.co/A3pZe1cDQT",Sat Jun 30 19:59:53 +0000 2018,0.0258,0.052,0.948,0.0
CBSNews,"""I am here today as a woman who as a young child was separated from her family. I am here today to be painfully hon‚Ä¶ https://t.co/DHrobAEA8d",Sat Jun 30 19:59:53 +0000 2018,-0.5267,0.0,0.866,0.134
CBSNews,Many anti-Trump activists are driving the hashtag #abolishICE on Twitter‚Äî now potential Democratic contenders in 20‚Ä¶ https://t.co/e1o2Fv695g,Sat Jun 30 19:59:53 +0000 2018,0.0,0.0,1.0,0.0
CBSNews,"""I live with the constant fear of losing my mom to deportation. My mom is strong, beautiful and brave. She is also‚Ä¶ https://t.co/RUg3b7oEb4",Sat Jun 30 19:59:53 +0000 2018,0.7003,0.308,0.523,0.169
CBSNews,"Leah, a 12-year-old girl from Miami, addresses D.C. crowd: ""I don't understand why they are being so mean to us chi‚Ä¶ https://t.co/YWdJs8jyRN",Sat Jun 30 19:59:53 +0000 2018,0.0,0.0,1.0,0.0
CBSNews,"""Our government also continues to separate U.S. citizen children like me from their parents every day. This is evil‚Ä¶ https://t.co/jNcHuQob2l",Sat Jun 30 19:59:53 +0000 2018,0.3612,0.116,0.884,0.0
CBSNews,"Syrian-American woman tells crowd in Washington, D.C.: ""For those of you who are lucky enough to not have been targ‚Ä¶ https://t.co/2AsfGqFjfE",Sat Jun 30 19:59:53 +0000 2018,0.4215,0.123,0.877,0.0
CNN,"Singer John Legend urges crowd at immigration rally in Los Angeles to resist the temptation to disengage and to ""do‚Ä¶ https://t.co/1zbU3k40eW",Sat Jun 30 21:11:07 +0000 2018,0.0,0.0,1.0,0.0
CNN,"A former spokesman for US Immigration and Customs Enforcement says agents ""have a rough time with this too"" in the‚Ä¶ https://t.co/Wr5Kwe7VTq",Sat Jun 30 21:11:07 +0000 2018,0.0,0.0,1.0,0.0
CNN,"""Hamilton"" creator Lin-Manuel Miranda sings a lullaby from the hit Broadway musical at the Families Belong Together‚Ä¶ https://t.co/4dYTdw2e0T",Sat Jun 30 21:11:07 +0000 2018,0.0,0.0,1.0,0.0
CNN,"""This fight does not belong to one group of people, one color of people, one race of people, one gender. It belongs‚Ä¶ https://t.co/jngvFTA5u9",Sat Jun 30 21:11:07 +0000 2018,-0.3818,0.0,0.894,0.106
CNN,The process for kids in immigration court is a maze with life and death consequences https://t.co/Cy56J9oqRW https://t.co/1yUwRZ7Wge,Sat Jun 30 21:11:07 +0000 2018,-0.5994,0.0,0.794,0.206
CNN,Sen. Elizabeth Warren calls for US Immigration and Customs Enforcement to be replaced with an agency that reflects‚Ä¶ https://t.co/tv7sYa31md,Sat Jun 30 21:11:07 +0000 2018,0.0,0.0,1.0,0.0
CNN,Immigration protest signs reveal a kaleidoscope of outrage https://t.co/LbZz6lqPDI https://t.co/5hZeybAzZh,Sat Jun 30 21:11:07 +0000 2018,-0.6486,0.0,0.569,0.431
CNN,Protesters explain why they joined immigration rallies https://t.co/5g1Cg5aIQV https://t.co/03eEsfpovq,Sat Jun 30 21:11:07 +0000 2018,-0.2263,0.0,0.808,0.192
CNN,"This 12-year-old girl delivers an impassioned plea for immigrant families at the ""Families Belong Together"" rally i‚Ä¶ https://t.co/WstQ4QBDIq",Sat Jun 30 21:11:07 +0000 2018,0.0,0.0,1.0,0.0
CNN,"Alexandra Ocasio-Cortez beat out a 10-term congressman in New York. Now, she's marching for separated families.‚Ä¶ https://t.co/eXokumkXpP",Sat Jun 30 21:11:07 +0000 2018,0.0,0.0,1.0,0.0
CNN,"""How dare you. How dare you take the babies from their mother's arms!"" Rep. Maxine Waters says President Trump has‚Ä¶ https://t.co/Ha0BkVS6zV",Sat Jun 30 21:11:07 +0000 2018,0.0,0.0,1.0,0.0
CNN,"""We are better than this. We are better than having these detention centers that are prisons,"" says Sen. Kamala Har‚Ä¶ https://t.co/7MM74J1xB5",Sat Jun 30 21:11:07 +0000 2018,0.5106,0.221,0.684,0.095
CNN,This mom brought her kids to teach them about resilience https://t.co/ZlTtxMk7xZ https://t.co/GPyFXAyluT,Sat Jun 30 21:11:07 +0000 2018,0.0,0.0,1.0,0.0
CNN,"These kids dedicate their nightly prayers to the separated children, according to their mother‚Ä¶ https://t.co/eshZBMgkD0",Sat Jun 30 21:11:07 +0000 2018,0.0,0.0,1.0,0.0
CNN,President Trump is in New Jersey. Protesters are gathered nearby. https://t.co/QogUPZAvJt https://t.co/OnVjYTs2rm,Sat Jun 30 21:11:07 +0000 2018,-0.2263,0.0,0.853,0.147
CNN,"""Leave office."" This is one Chicago protester's message to President Trump. https://t.co/EEde7b0qR2 https://t.co/KCPP9kWWEB",Sat Jun 30 21:11:07 +0000 2018,-0.0516,0.0,0.909,0.091
CNN,"""It's going to be their generation's fight."" This mom explains why she is marching with her kids.‚Ä¶ https://t.co/J1hrUj7ylm",Sat Jun 30 21:11:07 +0000 2018,0.0,0.0,1.0,0.0
CNN,It's really hot in DC. That's not stopping the marchers. https://t.co/96vkXoeNi2 https://t.co/JBJhH7kTtz,Sat Jun 30 21:11:07 +0000 2018,0.1139,0.116,0.884,0.0
CNN,This 36-year-old teacher says she sees her family in the faces of asylum seekers https://t.co/xUMYoiCtTN https://t.co/X6iR1c0eOV,Sat Jun 30 21:11:07 +0000 2018,0.0,0.0,1.0,0.0
CNN,"This 12-year-old girl says she lives in ""constant fear"" that her undocumented mother will be deported‚Ä¶ https://t.co/P4cMGmPTiW",Sat Jun 30 21:11:07 +0000 2018,-0.4939,0.0,0.833,0.167
CNN,"Singer John Legend urges crowd at immigration rally in Los Angeles to resist the temptation to disengage and to ""do‚Ä¶ https://t.co/1zbU3k40eW",Sat Jun 30 21:06:06 +0000 2018,0.0,0.0,1.0,0.0
CNN,"A former spokesman for US Immigration and Customs Enforcement says agents ""have a rough time with this too"" in the‚Ä¶ https://t.co/Wr5Kwe7VTq",Sat Jun 30 21:06:06 +0000 2018,0.0,0.0,1.0,0.0
CNN,"""Hamilton"" creator Lin-Manuel Miranda sings a lullaby from the hit Broadway musical at the Families Belong Together‚Ä¶ https://t.co/4dYTdw2e0T",Sat Jun 30 21:06:06 +0000 2018,0.0,0.0,1.0,0.0
CNN,"""This fight does not belong to one group of people, one color of people, one race of people, one gender. It belongs‚Ä¶ https://t.co/jngvFTA5u9",Sat Jun 30 21:06:06 +0000 2018,-0.3818,0.0,0.894,0.106
CNN,The process for kids in immigration court is a maze with life and death consequences https://t.co/Cy56J9oqRW https://t.co/1yUwRZ7Wge,Sat Jun 30 21:06:06 +0000 2018,-0.5994,0.0,0.794,0.206
CNN,Sen. Elizabeth Warren calls for US Immigration and Customs Enforcement to be replaced with an agency that reflects‚Ä¶ https://t.co/tv7sYa31md,Sat Jun 30 21:06:06 +0000 2018,0.0,0.0,1.0,0.0
CNN,Immigration protest signs reveal a kaleidoscope of outrage https://t.co/LbZz6lqPDI https://t.co/5hZeybAzZh,Sat Jun 30 21:06:06 +0000 2018,-0.6486,0.0,0.569,0.431
CNN,Protesters explain why they joined immigration rallies https://t.co/5g1Cg5aIQV https://t.co/03eEsfpovq,Sat Jun 30 21:06:06 +0000 2018,-0.2263,0.0,0.808,0.192
CNN,"This 12-year-old girl delivers an impassioned plea for immigrant families at the ""Families Belong Together"" rally i‚Ä¶ https://t.co/WstQ4QBDIq",Sat Jun 30 21:06:06 +0000 2018,0.0,0.0,1.0,0.0
CNN,"Alexandra Ocasio-Cortez beat out a 10-term congressman in New York. Now, she's marching for separated families.‚Ä¶ https://t.co/eXokumkXpP",Sat Jun 30 21:06:06 +0000 2018,0.0,0.0,1.0,0.0
CNN,"""How dare you. How dare you take the babies from their mother's arms!"" Rep. Maxine Waters says President Trump has‚Ä¶ https://t.co/Ha0BkVS6zV",Sat Jun 30 21:06:06 +0000 2018,0.0,0.0,1.0,0.0
CNN,"""We are better than this. We are better than having these detention centers that are prisons,"" says Sen. Kamala Har‚Ä¶ https://t.co/7MM74J1xB5",Sat Jun 30 21:06:06 +0000 2018,0.5106,0.221,0.684,0.095
CNN,This mom brought her kids to teach them about resilience https://t.co/ZlTtxMk7xZ https://t.co/GPyFXAyluT,Sat Jun 30 21:06:06 +0000 2018,0.0,0.0,1.0,0.0
CNN,"These kids dedicate their nightly prayers to the separated children, according to their mother‚Ä¶ https://t.co/eshZBMgkD0",Sat Jun 30 21:06:06 +0000 2018,0.0,0.0,1.0,0.0
CNN,President Trump is in New Jersey. Protesters are gathered nearby. https://t.co/QogUPZAvJt https://t.co/OnVjYTs2rm,Sat Jun 30 21:06:06 +0000 2018,-0.2263,0.0,0.853,0.147
CNN,"""Leave office."" This is one Chicago protester's message to President Trump. https://t.co/EEde7b0qR2 https://t.co/KCPP9kWWEB",Sat Jun 30 21:06:06 +0000 2018,-0.0516,0.0,0.909,0.091
CNN,"""It's going to be their generation's fight."" This mom explains why she is marching with her kids.‚Ä¶ https://t.co/J1hrUj7ylm",Sat Jun 30 21:06:06 +0000 2018,0.0,0.0,1.0,0.0
CNN,It's really hot in DC. That's not stopping the marchers. https://t.co/96vkXoeNi2 https://t.co/JBJhH7kTtz,Sat Jun 30 21:06:06 +0000 2018,0.1139,0.116,0.884,0.0
CNN,This 36-year-old teacher says she sees her family in the faces of asylum seekers https://t.co/xUMYoiCtTN https://t.co/X6iR1c0eOV,Sat Jun 30 21:06:06 +0000 2018,0.0,0.0,1.0,0.0
CNN,"This 12-year-old girl says she lives in ""constant fear"" that her undocumented mother will be deported‚Ä¶ https://t.co/P4cMGmPTiW",Sat Jun 30 21:06:06 +0000 2018,-0.4939,0.0,0.833,0.167
CNN,"Singer John Legend urges crowd at immigration rally in Los Angeles to resist the temptation to disengage and to ""do‚Ä¶ https://t.co/1zbU3k40eW",Sat Jun 30 20:59:00 +0000 2018,0.0,0.0,1.0,0.0
CNN,"A former spokesman for US Immigration and Customs Enforcement says agents ""have a rough time with this too"" in the‚Ä¶ https://t.co/Wr5Kwe7VTq",Sat Jun 30 20:59:00 +0000 2018,0.0,0.0,1.0,0.0
CNN,"""Hamilton"" creator Lin-Manuel Miranda sings a lullaby from the hit Broadway musical at the Families Belong Together‚Ä¶ https://t.co/4dYTdw2e0T",Sat Jun 30 20:59:00 +0000 2018,0.0,0.0,1.0,0.0
CNN,"""This fight does not belong to one group of people, one color of people, one race of people, one gender. It belongs‚Ä¶ https://t.co/jngvFTA5u9",Sat Jun 30 20:59:00 +0000 2018,-0.3818,0.0,0.894,0.106
CNN,The process for kids in immigration court is a maze with life and death consequences https://t.co/Cy56J9oqRW https://t.co/1yUwRZ7Wge,Sat Jun 30 20:59:00 +0000 2018,-0.5994,0.0,0.794,0.206
CNN,Sen. Elizabeth Warren calls for US Immigration and Customs Enforcement to be replaced with an agency that reflects‚Ä¶ https://t.co/tv7sYa31md,Sat Jun 30 20:59:00 +0000 2018,0.0,0.0,1.0,0.0
CNN,Immigration protest signs reveal a kaleidoscope of outrage https://t.co/LbZz6lqPDI https://t.co/5hZeybAzZh,Sat Jun 30 20:59:00 +0000 2018,-0.6486,0.0,0.569,0.431
CNN,Protesters explain why they joined immigration rallies https://t.co/5g1Cg5aIQV https://t.co/03eEsfpovq,Sat Jun 30 20:59:00 +0000 2018,-0.2263,0.0,0.808,0.192
CNN,"This 12-year-old girl delivers an impassioned plea for immigrant families at the ""Families Belong Together"" rally i‚Ä¶ https://t.co/WstQ4QBDIq",Sat Jun 30 20:59:00 +0000 2018,0.0,0.0,1.0,0.0
CNN,"Alexandra Ocasio-Cortez beat out a 10-term congressman in New York. Now, she's marching for separated families.‚Ä¶ https://t.co/eXokumkXpP",Sat Jun 30 20:59:00 +0000 2018,0.0,0.0,1.0,0.0
CNN,"""How dare you. How dare you take the babies from their mother's arms!"" Rep. Maxine Waters says President Trump has‚Ä¶ https://t.co/Ha0BkVS6zV",Sat Jun 30 20:59:00 +0000 2018,0.0,0.0,1.0,0.0
CNN,"""We are better than this. We are better than having these detention centers that are prisons,"" says Sen. Kamala Har‚Ä¶ https://t.co/7MM74J1xB5",Sat Jun 30 20:59:00 +0000 2018,0.5106,0.221,0.684,0.095
CNN,This mom brought her kids to teach them about resilience https://t.co/ZlTtxMk7xZ https://t.co/GPyFXAyluT,Sat Jun 30 20:59:00 +0000 2018,0.0,0.0,1.0,0.0
CNN,"These kids dedicate their nightly prayers to the separated children, according to their mother‚Ä¶ https://t.co/eshZBMgkD0",Sat Jun 30 20:59:00 +0000 2018,0.0,0.0,1.0,0.0
CNN,President Trump is in New Jersey. Protesters are gathered nearby. https://t.co/QogUPZAvJt https://t.co/OnVjYTs2rm,Sat Jun 30 20:59:00 +0000 2018,-0.2263,0.0,0.853,0.147
CNN,"""Leave office."" This is one Chicago protester's message to President Trump. https://t.co/EEde7b0qR2 https://t.co/KCPP9kWWEB",Sat Jun 30 20:59:00 +0000 2018,-0.0516,0.0,0.909,0.091
CNN,"""It's going to be their generation's fight."" This mom explains why she is marching with her kids.‚Ä¶ https://t.co/J1hrUj7ylm",Sat Jun 30 20:59:00 +0000 2018,0.0,0.0,1.0,0.0
CNN,It's really hot in DC. That's not stopping the marchers. https://t.co/96vkXoeNi2 https://t.co/JBJhH7kTtz,Sat Jun 30 20:59:00 +0000 2018,0.1139,0.116,0.884,0.0
CNN,This 36-year-old teacher says she sees her family in the faces of asylum seekers https://t.co/xUMYoiCtTN https://t.co/X6iR1c0eOV,Sat Jun 30 20:59:00 +0000 2018,0.0,0.0,1.0,0.0
CNN,"This 12-year-old girl says she lives in ""constant fear"" that her undocumented mother will be deported‚Ä¶ https://t.co/P4cMGmPTiW",Sat Jun 30 20:59:00 +0000 2018,-0.4939,0.0,0.833,0.167
CNN,"Singer John Legend urges crowd at immigration rally in Los Angeles to resist the temptation to disengage and to ""do‚Ä¶ https://t.co/1zbU3k40eW",Sat Jun 30 20:52:00 +0000 2018,0.0,0.0,1.0,0.0
CNN,"A former spokesman for US Immigration and Customs Enforcement says agents ""have a rough time with this too"" in the‚Ä¶ https://t.co/Wr5Kwe7VTq",Sat Jun 30 20:52:00 +0000 2018,0.0,0.0,1.0,0.0
CNN,"""Hamilton"" creator Lin-Manuel Miranda sings a lullaby from the hit Broadway musical at the Families Belong Together‚Ä¶ https://t.co/4dYTdw2e0T",Sat Jun 30 20:52:00 +0000 2018,0.0,0.0,1.0,0.0
CNN,"""This fight does not belong to one group of people, one color of people, one race of people, one gender. It belongs‚Ä¶ https://t.co/jngvFTA5u9",Sat Jun 30 20:52:00 +0000 2018,-0.3818,0.0,0.894,0.106
CNN,The process for kids in immigration court is a maze with life and death consequences https://t.co/Cy56J9oqRW https://t.co/1yUwRZ7Wge,Sat Jun 30 20:52:00 +0000 2018,-0.5994,0.0,0.794,0.206
CNN,Sen. Elizabeth Warren calls for US Immigration and Customs Enforcement to be replaced with an agency that reflects‚Ä¶ https://t.co/tv7sYa31md,Sat Jun 30 20:52:00 +0000 2018,0.0,0.0,1.0,0.0
CNN,Immigration protest signs reveal a kaleidoscope of outrage https://t.co/LbZz6lqPDI https://t.co/5hZeybAzZh,Sat Jun 30 20:52:00 +0000 2018,-0.6486,0.0,0.569,0.431
CNN,Protesters explain why they joined immigration rallies https://t.co/5g1Cg5aIQV https://t.co/03eEsfpovq,Sat Jun 30 20:52:00 +0000 2018,-0.2263,0.0,0.808,0.192
CNN,"This 12-year-old girl delivers an impassioned plea for immigrant families at the ""Families Belong Together"" rally i‚Ä¶ https://t.co/WstQ4QBDIq",Sat Jun 30 20:52:00 +0000 2018,0.0,0.0,1.0,0.0
CNN,"Alexandra Ocasio-Cortez beat out a 10-term congressman in New York. Now, she's marching for separated families.‚Ä¶ https://t.co/eXokumkXpP",Sat Jun 30 20:52:00 +0000 2018,0.0,0.0,1.0,0.0
CNN,"""How dare you. How dare you take the babies from their mother's arms!"" Rep. Maxine Waters says President Trump has‚Ä¶ https://t.co/Ha0BkVS6zV",Sat Jun 30 20:52:00 +0000 2018,0.0,0.0,1.0,0.0
CNN,"""We are better than this. We are better than having these detention centers that are prisons,"" says Sen. Kamala Har‚Ä¶ https://t.co/7MM74J1xB5",Sat Jun 30 20:52:00 +0000 2018,0.5106,0.221,0.684,0.095
CNN,This mom brought her kids to teach them about resilience https://t.co/ZlTtxMk7xZ https://t.co/GPyFXAyluT,Sat Jun 30 20:52:00 +0000 2018,0.0,0.0,1.0,0.0
CNN,"These kids dedicate their nightly prayers to the separated children, according to their mother‚Ä¶ https://t.co/eshZBMgkD0",Sat Jun 30 20:52:00 +0000 2018,0.0,0.0,1.0,0.0
CNN,President Trump is in New Jersey. Protesters are gathered nearby. https://t.co/QogUPZAvJt https://t.co/OnVjYTs2rm,Sat Jun 30 20:52:00 +0000 2018,-0.2263,0.0,0.853,0.147
CNN,"""Leave office."" This is one Chicago protester's message to President Trump. https://t.co/EEde7b0qR2 https://t.co/KCPP9kWWEB",Sat Jun 30 20:52:00 +0000 2018,-0.0516,0.0,0.909,0.091
CNN,"""It's going to be their generation's fight."" This mom explains why she is marching with her kids.‚Ä¶ https://t.co/J1hrUj7ylm",Sat Jun 30 20:52:00 +0000 2018,0.0,0.0,1.0,0.0
CNN,It's really hot in DC. That's not stopping the marchers. https://t.co/96vkXoeNi2 https://t.co/JBJhH7kTtz,Sat Jun 30 20:52:00 +0000 2018,0.1139,0.116,0.884,0.0
CNN,This 36-year-old teacher says she sees her family in the faces of asylum seekers https://t.co/xUMYoiCtTN https://t.co/X6iR1c0eOV,Sat Jun 30 20:52:00 +0000 2018,0.0,0.0,1.0,0.0
CNN,"This 12-year-old girl says she lives in ""constant fear"" that her undocumented mother will be deported‚Ä¶ https://t.co/P4cMGmPTiW",Sat Jun 30 20:52:00 +0000 2018,-0.4939,0.0,0.833,0.167
CNN,"Singer John Legend urges crowd at immigration rally in Los Angeles to resist the temptation to disengage and to ""do‚Ä¶ https://t.co/1zbU3k40eW",Sat Jun 30 20:47:07 +0000 2018,0.0,0.0,1.0,0.0
CNN,"A former spokesman for US Immigration and Customs Enforcement says agents ""have a rough time with this too"" in the‚Ä¶ https://t.co/Wr5Kwe7VTq",Sat Jun 30 20:47:07 +0000 2018,0.0,0.0,1.0,0.0
CNN,"""Hamilton"" creator Lin-Manuel Miranda sings a lullaby from the hit Broadway musical at the Families Belong Together‚Ä¶ https://t.co/4dYTdw2e0T",Sat Jun 30 20:47:07 +0000 2018,0.0,0.0,1.0,0.0
CNN,"""This fight does not belong to one group of people, one color of people, one race of people, one gender. It belongs‚Ä¶ https://t.co/jngvFTA5u9",Sat Jun 30 20:47:07 +0000 2018,-0.3818,0.0,0.894,0.106
CNN,The process for kids in immigration court is a maze with life and death consequences https://t.co/Cy56J9oqRW https://t.co/1yUwRZ7Wge,Sat Jun 30 20:47:07 +0000 2018,-0.5994,0.0,0.794,0.206
CNN,Sen. Elizabeth Warren calls for US Immigration and Customs Enforcement to be replaced with an agency that reflects‚Ä¶ https://t.co/tv7sYa31md,Sat Jun 30 20:47:07 +0000 2018,0.0,0.0,1.0,0.0
CNN,Immigration protest signs reveal a kaleidoscope of outrage https://t.co/LbZz6lqPDI https://t.co/5hZeybAzZh,Sat Jun 30 20:47:07 +0000 2018,-0.6486,0.0,0.569,0.431
CNN,Protesters explain why they joined immigration rallies https://t.co/5g1Cg5aIQV https://t.co/03eEsfpovq,Sat Jun 30 20:47:07 +0000 2018,-0.2263,0.0,0.808,0.192
CNN,"This 12-year-old girl delivers an impassioned plea for immigrant families at the ""Families Belong Together"" rally i‚Ä¶ https://t.co/WstQ4QBDIq",Sat Jun 30 20:47:07 +0000 2018,0.0,0.0,1.0,0.0
CNN,"Alexandra Ocasio-Cortez beat out a 10-term congressman in New York. Now, she's marching for separated families.‚Ä¶ https://t.co/eXokumkXpP",Sat Jun 30 20:47:07 +0000 2018,0.0,0.0,1.0,0.0
CNN,"""How dare you. How dare you take the babies from their mother's arms!"" Rep. Maxine Waters says President Trump has‚Ä¶ https://t.co/Ha0BkVS6zV",Sat Jun 30 20:47:07 +0000 2018,0.0,0.0,1.0,0.0
CNN,"""We are better than this. We are better than having these detention centers that are prisons,"" says Sen. Kamala Har‚Ä¶ https://t.co/7MM74J1xB5",Sat Jun 30 20:47:07 +0000 2018,0.5106,0.221,0.684,0.095
CNN,This mom brought her kids to teach them about resilience https://t.co/ZlTtxMk7xZ https://t.co/GPyFXAyluT,Sat Jun 30 20:47:07 +0000 2018,0.0,0.0,1.0,0.0
CNN,"These kids dedicate their nightly prayers to the separated children, according to their mother‚Ä¶ https://t.co/eshZBMgkD0",Sat Jun 30 20:47:07 +0000 2018,0.0,0.0,1.0,0.0
CNN,President Trump is in New Jersey. Protesters are gathered nearby. https://t.co/QogUPZAvJt https://t.co/OnVjYTs2rm,Sat Jun 30 20:47:07 +0000 2018,-0.2263,0.0,0.853,0.147
CNN,"""Leave office."" This is one Chicago protester's message to President Trump. https://t.co/EEde7b0qR2 https://t.co/KCPP9kWWEB",Sat Jun 30 20:47:07 +0000 2018,-0.0516,0.0,0.909,0.091
CNN,"""It's going to be their generation's fight."" This mom explains why she is marching with her kids.‚Ä¶ https://t.co/J1hrUj7ylm",Sat Jun 30 20:47:07 +0000 2018,0.0,0.0,1.0,0.0
CNN,It's really hot in DC. That's not stopping the marchers. https://t.co/96vkXoeNi2 https://t.co/JBJhH7kTtz,Sat Jun 30 20:47:07 +0000 2018,0.1139,0.116,0.884,0.0
CNN,This 36-year-old teacher says she sees her family in the faces of asylum seekers https://t.co/xUMYoiCtTN https://t.co/X6iR1c0eOV,Sat Jun 30 20:47:07 +0000 2018,0.0,0.0,1.0,0.0
CNN,"This 12-year-old girl says she lives in ""constant fear"" that her undocumented mother will be deported‚Ä¶ https://t.co/P4cMGmPTiW",Sat Jun 30 20:47:07 +0000 2018,-0.4939,0.0,0.833,0.167
FoxNews,'Rational Thought Is Kryptonite to the Left': Author @derekahunter Rips 'Dangerous' Rhetoric By Democrats‚Ä¶ https://t.co/xBmMFU8qBA,Sat Jun 30 21:16:00 +0000 2018,0.0,0.0,1.0,0.0
FoxNews,Mexico holds presidential election tomorrow. https://t.co/cnryLpD3Oh,Sat Jun 30 21:16:00 +0000 2018,0.0,0.0,1.0,0.0
FoxNews,"LaSonya Hill: ""We're excited as a middle-class family who was able to benefit so much from this opportunity.""‚Ä¶ https://t.co/9fuvvltWdB",Sat Jun 30 21:16:00 +0000 2018,0.6597,0.252,0.748,0.0
FoxNews,"Angel Mom Courtney Hacking: ""Every day parents are separated from their children permanently by actions that are of‚Ä¶ https://t.co/0MLdDMxDpU",Sat Jun 30 21:16:00 +0000 2018,0.0,0.0,1.0,0.0
FoxNews,SUNDAY: Don't miss John Bolton‚Äôs exclusive interview on @FoxNewsSunday. Check your local listings and tune in to Fo‚Ä¶ https://t.co/4Kaect1Bg2,Sat Jun 30 21:16:00 +0000 2018,0.2368,0.148,0.852,0.0
FoxNews,Ohio boy's lawn care business goes viral after 'ridiculous' neighbor calls cops on him https://t.co/nbmq1w0YBs,Sat Jun 30 21:16:00 +0000 2018,0.4939,0.186,0.814,0.0
FoxNews,Activists hold signs during a rally to protest the Trump administration's approach to illegal border crossings and‚Ä¶ https://t.co/hhjsS2P0H8,Sat Jun 30 21:16:00 +0000 2018,-0.6808,0.0,0.728,0.272
FoxNews,'Stuttering John' says he was visited by Secret Service after Trump prank call https://t.co/ZVqh3CrAon,Sat Jun 30 21:16:00 +0000 2018,-0.3182,0.0,0.85,0.15
FoxNews,"On Twitter, @SenWarren reiterated her commitment to the LGBTQ+ community this #PrideMonth, invoking the Supreme Cou‚Ä¶ https://t.co/a1cLFnIy3x",Sat Jun 30 21:16:00 +0000 2018,0.7351,0.292,0.708,0.0
FoxNews,"Moments ago, President @realDonaldTrump tweeted about the filibuster and ""Cryin' Chuck."" https://t.co/RlJapW8spt",Sat Jun 30 21:16:00 +0000 2018,0.0,0.0,1.0,0.0
FoxNews,An all-new season of 'OBJECTified' premieres tomorrow with NBA legend @MagicJohnson! Tune in to Fox News Channel at‚Ä¶ https://t.co/bqGK2RfPiY,Sat Jun 30 21:16:00 +0000 2018,0.0,0.0,1.0,0.0
FoxNews,#FamiliesBelongTogether rallies demanding reunification of immigrant families and an ‚Äúend to family separation and‚Ä¶ https://t.co/gRZk16qx9K,Sat Jun 30 21:16:00 +0000 2018,-0.2263,0.0,0.881,0.119
FoxNews,Restaurant manager fired after refusing to serve customer wearing MAGA hat https://t.co/DPQy9dr5JX,Sat Jun 30 21:16:00 +0000 2018,-0.743,0.0,0.613,0.387
FoxNews,"Activists hold protest signs during a rally against the Trump administration's immigration policies Saturday, June‚Ä¶ https://t.co/3vk6DgCugP",Sat Jun 30 21:16:00 +0000 2018,-0.25,0.0,0.875,0.125
FoxNews,"TOMORROW on @SundayFutures, @MariaBartiromo has exclusive interview with President @realDonaldTrump - Tune in at 10‚Ä¶ https://t.co/fKSWXmU8tZ",Sat Jun 30 21:16:00 +0000 2018,0.128,0.097,0.903,0.0
FoxNews,"Demonstrators rally against the separation of immigrant families, on June 30, 2018 in Washington D.C. Demonstration‚Ä¶ https://t.co/g9M0zhNwdm",Sat Jun 30 21:16:00 +0000 2018,0.0,0.0,1.0,0.0
FoxNews,Trump predicts electoral doom for Democrats with ‚Äòabolish ICE‚Äô push: ‚ÄòThey‚Äôre going to get beaten so badly‚Äô https://t.co/2QtQOnaMq6,Sat Jun 30 21:16:00 +0000 2018,-0.6705,0.0,0.744,0.256
FoxNews,"Linda Land-Classon, right, holds up a sign w/ her 15-year-old son, Ivan, who came to America in 2003 from Vladivost‚Ä¶ https://t.co/qWt3foe8AW",Sat Jun 30 21:16:00 +0000 2018,0.0,0.0,1.0,0.0
FoxNews,Activists gather during a rally to protest the Trump administration's approach to illegal border crossings and sepa‚Ä¶ https://t.co/9I4boXbSs3,Sat Jun 30 21:16:00 +0000 2018,-0.6808,0.0,0.728,0.272
FoxNews,"'Abolish ICE' goes mainstream as @SenGillibrand, @NYCMayor Bill de Blasio back calls https://t.co/ImNV0ULObG https://t.co/dmlB1215cp",Sat Jun 30 21:16:00 +0000 2018,0.0,0.0,1.0,0.0
FoxNews,'Rational Thought Is Kryptonite to the Left': Author @derekahunter Rips 'Dangerous' Rhetoric By Democrats‚Ä¶ https://t.co/xBmMFU8qBA,Sat Jun 30 20:58:00 +0000 2018,0.0,0.0,1.0,0.0
FoxNews,Mexico holds presidential election tomorrow. https://t.co/cnryLpD3Oh,Sat Jun 30 20:58:00 +0000 2018,0.0,0.0,1.0,0.0
FoxNews,"LaSonya Hill: ""We're excited as a middle-class family who was able to benefit so much from this opportunity.""‚Ä¶ https://t.co/9fuvvltWdB",Sat Jun 30 20:58:00 +0000 2018,0.6597,0.252,0.748,0.0
FoxNews,"Angel Mom Courtney Hacking: ""Every day parents are separated from their children permanently by actions that are of‚Ä¶ https://t.co/0MLdDMxDpU",Sat Jun 30 20:58:00 +0000 2018,0.0,0.0,1.0,0.0
FoxNews,SUNDAY: Don't miss John Bolton‚Äôs exclusive interview on @FoxNewsSunday. Check your local listings and tune in to Fo‚Ä¶ https://t.co/4Kaect1Bg2,Sat Jun 30 20:58:00 +0000 2018,0.2368,0.148,0.852,0.0
FoxNews,Ohio boy's lawn care business goes viral after 'ridiculous' neighbor calls cops on him https://t.co/nbmq1w0YBs,Sat Jun 30 20:58:00 +0000 2018,0.4939,0.186,0.814,0.0
FoxNews,Activists hold signs during a rally to protest the Trump administration's approach to illegal border crossings and‚Ä¶ https://t.co/hhjsS2P0H8,Sat Jun 30 20:58:00 +0000 2018,-0.6808,0.0,0.728,0.272
FoxNews,'Stuttering John' says he was visited by Secret Service after Trump prank call https://t.co/ZVqh3CrAon,Sat Jun 30 20:58:00 +0000 2018,-0.3182,0.0,0.85,0.15
FoxNews,"On Twitter, @SenWarren reiterated her commitment to the LGBTQ+ community this #PrideMonth, invoking the Supreme Cou‚Ä¶ https://t.co/a1cLFnIy3x",Sat Jun 30 20:58:00 +0000 2018,0.7351,0.292,0.708,0.0
FoxNews,"Moments ago, President @realDonaldTrump tweeted about the filibuster and ""Cryin' Chuck."" https://t.co/RlJapW8spt",Sat Jun 30 20:58:00 +0000 2018,0.0,0.0,1.0,0.0
FoxNews,An all-new season of 'OBJECTified' premieres tomorrow with NBA legend @MagicJohnson! Tune in to Fox News Channel at‚Ä¶ https://t.co/bqGK2RfPiY,Sat Jun 30 20:58:00 +0000 2018,0.0,0.0,1.0,0.0
FoxNews,#FamiliesBelongTogether rallies demanding reunification of immigrant families and an ‚Äúend to family separation and‚Ä¶ https://t.co/gRZk16qx9K,Sat Jun 30 20:58:00 +0000 2018,-0.2263,0.0,0.881,0.119
FoxNews,Restaurant manager fired after refusing to serve customer wearing MAGA hat https://t.co/DPQy9dr5JX,Sat Jun 30 20:58:00 +0000 2018,-0.743,0.0,0.613,0.387
FoxNews,"Activists hold protest signs during a rally against the Trump administration's immigration policies Saturday, June‚Ä¶ https://t.co/3vk6DgCugP",Sat Jun 30 20:58:00 +0000 2018,-0.25,0.0,0.875,0.125
FoxNews,"TOMORROW on @SundayFutures, @MariaBartiromo has exclusive interview with President @realDonaldTrump - Tune in at 10‚Ä¶ https://t.co/fKSWXmU8tZ",Sat Jun 30 20:58:00 +0000 2018,0.128,0.097,0.903,0.0
FoxNews,"Demonstrators rally against the separation of immigrant families, on June 30, 2018 in Washington D.C. Demonstration‚Ä¶ https://t.co/g9M0zhNwdm",Sat Jun 30 20:58:00 +0000 2018,0.0,0.0,1.0,0.0
FoxNews,Trump predicts electoral doom for Democrats with ‚Äòabolish ICE‚Äô push: ‚ÄòThey‚Äôre going to get beaten so badly‚Äô https://t.co/2QtQOnaMq6,Sat Jun 30 20:58:00 +0000 2018,-0.6705,0.0,0.744,0.256
FoxNews,"Linda Land-Classon, right, holds up a sign w/ her 15-year-old son, Ivan, who came to America in 2003 from Vladivost‚Ä¶ https://t.co/qWt3foe8AW",Sat Jun 30 20:58:00 +0000 2018,0.0,0.0,1.0,0.0
FoxNews,Activists gather during a rally to protest the Trump administration's approach to illegal border crossings and sepa‚Ä¶ https://t.co/9I4boXbSs3,Sat Jun 30 20:58:00 +0000 2018,-0.6808,0.0,0.728,0.272
FoxNews,"'Abolish ICE' goes mainstream as @SenGillibrand, @NYCMayor Bill de Blasio back calls https://t.co/ImNV0ULObG https://t.co/dmlB1215cp",Sat Jun 30 20:58:00 +0000 2018,0.0,0.0,1.0,0.0
FoxNews,'Rational Thought Is Kryptonite to the Left': Author @derekahunter Rips 'Dangerous' Rhetoric By Democrats‚Ä¶ https://t.co/xBmMFU8qBA,Sat Jun 30 20:57:00 +0000 2018,0.0,0.0,1.0,0.0
FoxNews,Mexico holds presidential election tomorrow. https://t.co/cnryLpD3Oh,Sat Jun 30 20:57:00 +0000 2018,0.0,0.0,1.0,0.0
FoxNews,"LaSonya Hill: ""We're excited as a middle-class family who was able to benefit so much from this opportunity.""‚Ä¶ https://t.co/9fuvvltWdB",Sat Jun 30 20:57:00 +0000 2018,0.6597,0.252,0.748,0.0
FoxNews,"Angel Mom Courtney Hacking: ""Every day parents are separated from their children permanently by actions that are of‚Ä¶ https://t.co/0MLdDMxDpU",Sat Jun 30 20:57:00 +0000 2018,0.0,0.0,1.0,0.0
FoxNews,SUNDAY: Don't miss John Bolton‚Äôs exclusive interview on @FoxNewsSunday. Check your local listings and tune in to Fo‚Ä¶ https://t.co/4Kaect1Bg2,Sat Jun 30 20:57:00 +0000 2018,0.2368,0.148,0.852,0.0
FoxNews,Ohio boy's lawn care business goes viral after 'ridiculous' neighbor calls cops on him https://t.co/nbmq1w0YBs,Sat Jun 30 20:57:00 +0000 2018,0.4939,0.186,0.814,0.0
FoxNews,Activists hold signs during a rally to protest the Trump administration's approach to illegal border crossings and‚Ä¶ https://t.co/hhjsS2P0H8,Sat Jun 30 20:57:00 +0000 2018,-0.6808,0.0,0.728,0.272
FoxNews,'Stuttering John' says he was visited by Secret Service after Trump prank call https://t.co/ZVqh3CrAon,Sat Jun 30 20:57:00 +0000 2018,-0.3182,0.0,0.85,0.15
FoxNews,"On Twitter, @SenWarren reiterated her commitment to the LGBTQ+ community this #PrideMonth, invoking the Supreme Cou‚Ä¶ https://t.co/a1cLFnIy3x",Sat Jun 30 20:57:00 +0000 2018,0.7351,0.292,0.708,0.0
FoxNews,"Moments ago, President @realDonaldTrump tweeted about the filibuster and ""Cryin' Chuck."" https://t.co/RlJapW8spt",Sat Jun 30 20:57:00 +0000 2018,0.0,0.0,1.0,0.0
FoxNews,An all-new season of 'OBJECTified' premieres tomorrow with NBA legend @MagicJohnson! Tune in to Fox News Channel at‚Ä¶ https://t.co/bqGK2RfPiY,Sat Jun 30 20:57:00 +0000 2018,0.0,0.0,1.0,0.0
FoxNews,#FamiliesBelongTogether rallies demanding reunification of immigrant families and an ‚Äúend to family separation and‚Ä¶ https://t.co/gRZk16qx9K,Sat Jun 30 20:57:00 +0000 2018,-0.2263,0.0,0.881,0.119
FoxNews,Restaurant manager fired after refusing to serve customer wearing MAGA hat https://t.co/DPQy9dr5JX,Sat Jun 30 20:57:00 +0000 2018,-0.743,0.0,0.613,0.387
FoxNews,"Activists hold protest signs during a rally against the Trump administration's immigration policies Saturday, June‚Ä¶ https://t.co/3vk6DgCugP",Sat Jun 30 20:57:00 +0000 2018,-0.25,0.0,0.875,0.125
FoxNews,"TOMORROW on @SundayFutures, @MariaBartiromo has exclusive interview with President @realDonaldTrump - Tune in at 10‚Ä¶ https://t.co/fKSWXmU8tZ",Sat Jun 30 20:57:00 +0000 2018,0.128,0.097,0.903,0.0
FoxNews,"Demonstrators rally against the separation of immigrant families, on June 30, 2018 in Washington D.C. Demonstration‚Ä¶ https://t.co/g9M0zhNwdm",Sat Jun 30 20:57:00 +0000 2018,0.0,0.0,1.0,0.0
FoxNews,Trump predicts electoral doom for Democrats with ‚Äòabolish ICE‚Äô push: ‚ÄòThey‚Äôre going to get beaten so badly‚Äô https://t.co/2QtQOnaMq6,Sat Jun 30 20:57:00 +0000 2018,-0.6705,0.0,0.744,0.256
FoxNews,"Linda Land-Classon, right, holds up a sign w/ her 15-year-old son, Ivan, who came to America in 2003 from Vladivost‚Ä¶ https://t.co/qWt3foe8AW",Sat Jun 30 20:57:00 +0000 2018,0.0,0.0,1.0,0.0
FoxNews,Activists gather during a rally to protest the Trump administration's approach to illegal border crossings and sepa‚Ä¶ https://t.co/9I4boXbSs3,Sat Jun 30 20:57:00 +0000 2018,-0.6808,0.0,0.728,0.272
FoxNews,"'Abolish ICE' goes mainstream as @SenGillibrand, @NYCMayor Bill de Blasio back calls https://t.co/ImNV0ULObG https://t.co/dmlB1215cp",Sat Jun 30 20:57:00 +0000 2018,0.0,0.0,1.0,0.0
FoxNews,'Rational Thought Is Kryptonite to the Left': Author @derekahunter Rips 'Dangerous' Rhetoric By Democrats‚Ä¶ https://t.co/xBmMFU8qBA,Sat Jun 30 20:49:32 +0000 2018,0.0,0.0,1.0,0.0
FoxNews,Mexico holds presidential election tomorrow. https://t.co/cnryLpD3Oh,Sat Jun 30 20:49:32 +0000 2018,0.0,0.0,1.0,0.0
FoxNews,"LaSonya Hill: ""We're excited as a middle-class family who was able to benefit so much from this opportunity.""‚Ä¶ https://t.co/9fuvvltWdB",Sat Jun 30 20:49:32 +0000 2018,0.6597,0.252,0.748,0.0
FoxNews,"Angel Mom Courtney Hacking: ""Every day parents are separated from their children permanently by actions that are of‚Ä¶ https://t.co/0MLdDMxDpU",Sat Jun 30 20:49:32 +0000 2018,0.0,0.0,1.0,0.0
FoxNews,SUNDAY: Don't miss John Bolton‚Äôs exclusive interview on @FoxNewsSunday. Check your local listings and tune in to Fo‚Ä¶ https://t.co/4Kaect1Bg2,Sat Jun 30 20:49:32 +0000 2018,0.2368,0.148,0.852,0.0
FoxNews,Ohio boy's lawn care business goes viral after 'ridiculous' neighbor calls cops on him https://t.co/nbmq1w0YBs,Sat Jun 30 20:49:32 +0000 2018,0.4939,0.186,0.814,0.0
FoxNews,Activists hold signs during a rally to protest the Trump administration's approach to illegal border crossings and‚Ä¶ https://t.co/hhjsS2P0H8,Sat Jun 30 20:49:32 +0000 2018,-0.6808,0.0,0.728,0.272
FoxNews,'Stuttering John' says he was visited by Secret Service after Trump prank call https://t.co/ZVqh3CrAon,Sat Jun 30 20:49:32 +0000 2018,-0.3182,0.0,0.85,0.15
FoxNews,"On Twitter, @SenWarren reiterated her commitment to the LGBTQ+ community this #PrideMonth, invoking the Supreme Cou‚Ä¶ https://t.co/a1cLFnIy3x",Sat Jun 30 20:49:32 +0000 2018,0.7351,0.292,0.708,0.0
FoxNews,"Moments ago, President @realDonaldTrump tweeted about the filibuster and ""Cryin' Chuck."" https://t.co/RlJapW8spt",Sat Jun 30 20:49:32 +0000 2018,0.0,0.0,1.0,0.0
FoxNews,An all-new season of 'OBJECTified' premieres tomorrow with NBA legend @MagicJohnson! Tune in to Fox News Channel at‚Ä¶ https://t.co/bqGK2RfPiY,Sat Jun 30 20:49:32 +0000 2018,0.0,0.0,1.0,0.0
FoxNews,#FamiliesBelongTogether rallies demanding reunification of immigrant families and an ‚Äúend to family separation and‚Ä¶ https://t.co/gRZk16qx9K,Sat Jun 30 20:49:32 +0000 2018,-0.2263,0.0,0.881,0.119
FoxNews,Restaurant manager fired after refusing to serve customer wearing MAGA hat https://t.co/DPQy9dr5JX,Sat Jun 30 20:49:32 +0000 2018,-0.743,0.0,0.613,0.387
FoxNews,"Activists hold protest signs during a rally against the Trump administration's immigration policies Saturday, June‚Ä¶ https://t.co/3vk6DgCugP",Sat Jun 30 20:49:32 +0000 2018,-0.25,0.0,0.875,0.125
FoxNews,"TOMORROW on @SundayFutures, @MariaBartiromo has exclusive interview with President @realDonaldTrump - Tune in at 10‚Ä¶ https://t.co/fKSWXmU8tZ",Sat Jun 30 20:49:32 +0000 2018,0.128,0.097,0.903,0.0
FoxNews,"Demonstrators rally against the separation of immigrant families, on June 30, 2018 in Washington D.C. Demonstration‚Ä¶ https://t.co/g9M0zhNwdm",Sat Jun 30 20:49:32 +0000 2018,0.0,0.0,1.0,0.0
FoxNews,Trump predicts electoral doom for Democrats with ‚Äòabolish ICE‚Äô push: ‚ÄòThey‚Äôre going to get beaten so badly‚Äô https://t.co/2QtQOnaMq6,Sat Jun 30 20:49:32 +0000 2018,-0.6705,0.0,0.744,0.256
FoxNews,"Linda Land-Classon, right, holds up a sign w/ her 15-year-old son, Ivan, who came to America in 2003 from Vladivost‚Ä¶ https://t.co/qWt3foe8AW",Sat Jun 30 20:49:32 +0000 2018,0.0,0.0,1.0,0.0
FoxNews,Activists gather during a rally to protest the Trump administration's approach to illegal border crossings and sepa‚Ä¶ https://t.co/9I4boXbSs3,Sat Jun 30 20:49:32 +0000 2018,-0.6808,0.0,0.728,0.272
FoxNews,"'Abolish ICE' goes mainstream as @SenGillibrand, @NYCMayor Bill de Blasio back calls https://t.co/ImNV0ULObG https://t.co/dmlB1215cp",Sat Jun 30 20:49:32 +0000 2018,0.0,0.0,1.0,0.0
FoxNews,'Rational Thought Is Kryptonite to the Left': Author @derekahunter Rips 'Dangerous' Rhetoric By Democrats‚Ä¶ https://t.co/xBmMFU8qBA,Sat Jun 30 20:45:01 +0000 2018,0.0,0.0,1.0,0.0
FoxNews,Mexico holds presidential election tomorrow. https://t.co/cnryLpD3Oh,Sat Jun 30 20:45:01 +0000 2018,0.0,0.0,1.0,0.0
FoxNews,"LaSonya Hill: ""We're excited as a middle-class family who was able to benefit so much from this opportunity.""‚Ä¶ https://t.co/9fuvvltWdB",Sat Jun 30 20:45:01 +0000 2018,0.6597,0.252,0.748,0.0
FoxNews,"Angel Mom Courtney Hacking: ""Every day parents are separated from their children permanently by actions that are of‚Ä¶ https://t.co/0MLdDMxDpU",Sat Jun 30 20:45:01 +0000 2018,0.0,0.0,1.0,0.0
FoxNews,SUNDAY: Don't miss John Bolton‚Äôs exclusive interview on @FoxNewsSunday. Check your local listings and tune in to Fo‚Ä¶ https://t.co/4Kaect1Bg2,Sat Jun 30 20:45:01 +0000 2018,0.2368,0.148,0.852,0.0
FoxNews,Ohio boy's lawn care business goes viral after 'ridiculous' neighbor calls cops on him https://t.co/nbmq1w0YBs,Sat Jun 30 20:45:01 +0000 2018,0.4939,0.186,0.814,0.0
FoxNews,Activists hold signs during a rally to protest the Trump administration's approach to illegal border crossings and‚Ä¶ https://t.co/hhjsS2P0H8,Sat Jun 30 20:45:01 +0000 2018,-0.6808,0.0,0.728,0.272
FoxNews,'Stuttering John' says he was visited by Secret Service after Trump prank call https://t.co/ZVqh3CrAon,Sat Jun 30 20:45:01 +0000 2018,-0.3182,0.0,0.85,0.15
FoxNews,"On Twitter, @SenWarren reiterated her commitment to the LGBTQ+ community this #PrideMonth, invoking the Supreme Cou‚Ä¶ https://t.co/a1cLFnIy3x",Sat Jun 30 20:45:01 +0000 2018,0.7351,0.292,0.708,0.0
FoxNews,"Moments ago, President @realDonaldTrump tweeted about the filibuster and ""Cryin' Chuck."" https://t.co/RlJapW8spt",Sat Jun 30 20:45:01 +0000 2018,0.0,0.0,1.0,0.0
FoxNews,An all-new season of 'OBJECTified' premieres tomorrow with NBA legend @MagicJohnson! Tune in to Fox News Channel at‚Ä¶ https://t.co/bqGK2RfPiY,Sat Jun 30 20:45:01 +0000 2018,0.0,0.0,1.0,0.0
FoxNews,#FamiliesBelongTogether rallies demanding reunification of immigrant families and an ‚Äúend to family separation and‚Ä¶ https://t.co/gRZk16qx9K,Sat Jun 30 20:45:01 +0000 2018,-0.2263,0.0,0.881,0.119
FoxNews,Restaurant manager fired after refusing to serve customer wearing MAGA hat https://t.co/DPQy9dr5JX,Sat Jun 30 20:45:01 +0000 2018,-0.743,0.0,0.613,0.387
FoxNews,"Activists hold protest signs during a rally against the Trump administration's immigration policies Saturday, June‚Ä¶ https://t.co/3vk6DgCugP",Sat Jun 30 20:45:01 +0000 2018,-0.25,0.0,0.875,0.125
FoxNews,"TOMORROW on @SundayFutures, @MariaBartiromo has exclusive interview with President @realDonaldTrump - Tune in at 10‚Ä¶ https://t.co/fKSWXmU8tZ",Sat Jun 30 20:45:01 +0000 2018,0.128,0.097,0.903,0.0
FoxNews,"Demonstrators rally against the separation of immigrant families, on June 30, 2018 in Washington D.C. Demonstration‚Ä¶ https://t.co/g9M0zhNwdm",Sat Jun 30 20:45:01 +0000 2018,0.0,0.0,1.0,0.0
FoxNews,Trump predicts electoral doom for Democrats with ‚Äòabolish ICE‚Äô push: ‚ÄòThey‚Äôre going to get beaten so badly‚Äô https://t.co/2QtQOnaMq6,Sat Jun 30 20:45:01 +0000 2018,-0.6705,0.0,0.744,0.256
FoxNews,"Linda Land-Classon, right, holds up a sign w/ her 15-year-old son, Ivan, who came to America in 2003 from Vladivost‚Ä¶ https://t.co/qWt3foe8AW",Sat Jun 30 20:45:01 +0000 2018,0.0,0.0,1.0,0.0
FoxNews,Activists gather during a rally to protest the Trump administration's approach to illegal border crossings and sepa‚Ä¶ https://t.co/9I4boXbSs3,Sat Jun 30 20:45:01 +0000 2018,-0.6808,0.0,0.728,0.272
FoxNews,"'Abolish ICE' goes mainstream as @SenGillibrand, @NYCMayor Bill de Blasio back calls https://t.co/ImNV0ULObG https://t.co/dmlB1215cp",Sat Jun 30 20:45:01 +0000 2018,0.0,0.0,1.0,0.0
nytimes,"Welcome to a highly diverse Toronto school just for kindergartners: 630 children, 24 classes, 40 languages https://t.co/XpbWI26Pr7",Sat Jun 30 21:15:05 +0000 2018,0.4588,0.167,0.833,0.0
nytimes,"It‚Äôs the season of hot dog condiment blobs, stubborn sunscreen residue and sweat stains ‚Ä¶ everywhere. Here‚Äôs how to‚Ä¶ https://t.co/7HJ9fHRJ5e",Sat Jun 30 21:15:05 +0000 2018,-0.4019,0.0,0.87,0.13
nytimes,"Toys ‚ÄòR‚Äô Us, a brand that dates to 1957, closed the last of its 735 stores across the country  https://t.co/UrEmMeN1jK",Sat Jun 30 21:15:05 +0000 2018,0.0,0.0,1.0,0.0
nytimes,"With the Canada Day tariff, the country joins China, Europe and Mexico, among others, in retaliating against Americ‚Ä¶ https://t.co/tJ3LC4GjPd",Sat Jun 30 21:15:05 +0000 2018,0.0,0.0,1.0,0.0
nytimes,With protests being held around the country on Saturday to demand the reunification of parents and children separat‚Ä¶ https://t.co/HQFpFQbS5U,Sat Jun 30 21:15:05 +0000 2018,-0.34,0.0,0.833,0.167
nytimes,"RT @nytopinion: When @Ocasio2018 asked 15 of her fellow restaurant workers if they had health care and all of them said no, she realized th‚Ä¶",Sat Jun 30 21:15:05 +0000 2018,0.25,0.113,0.81,0.077
nytimes,"In total, organizers anticipated more than 700 protests, in all 50 states and even internationally https://t.co/oqK29G0lbt",Sat Jun 30 21:15:05 +0000 2018,-0.2878,0.0,0.874,0.126
nytimes,"RT @EricLiptonNYT: JUST POSTED: EPA's top ethics official had repeatedly come to defense of Scott Pruitt in ethics memos. Now he reveals, i‚Ä¶",Sat Jun 30 21:15:05 +0000 2018,0.3182,0.136,0.864,0.0
nytimes,"Deep in the Bible Belt, L.G.B.T. communities are fighting for greater visibility and acceptance‚Ä¶ https://t.co/NlMfQt6YeM",Sat Jun 30 21:15:05 +0000 2018,0.0,0.139,0.722,0.139
nytimes,"Cristiano Ronaldo and Lionel Messi, 2 of the best soccer players in the world, were both eliminated from the World‚Ä¶ https://t.co/gnDzkOPoDB",Sat Jun 30 21:15:05 +0000 2018,0.6369,0.181,0.819,0.0
nytimes,"This young Afghan is protesting a war that has, so far, swallowed his father, his uncle, his sister, his eyes and h‚Ä¶ https://t.co/BtJdy5omAz",Sat Jun 30 21:15:05 +0000 2018,-0.7717,0.0,0.749,0.251
nytimes,"Migration into Europe is down ‚Äî except in Spain, where it poses a challenge for the new government https://t.co/FsC4XYZnwa",Sat Jun 30 21:15:05 +0000 2018,0.0772,0.075,0.925,0.0
nytimes,"Uruguay back on top, 2-1! Edinson Cavani scored again. https://t.co/g05nqQDrxw",Sat Jun 30 21:15:05 +0000 2018,0.2714,0.189,0.811,0.0
nytimes,"A short corner, a Guerreiro cross and it‚Äôs Pepe who leaps for the headed goal. Portugal tied Uruguay 1-1 in the 54t‚Ä¶ https://t.co/U7SXQVw3zd",Sat Jun 30 21:15:05 +0000 2018,0.0,0.0,1.0,0.0
nytimes,"The California Bay Area is so expensive, a family of 4 making $117,400 is considered low-income in 3 counties https://t.co/wgQ8x2rkKs",Sat Jun 30 21:15:05 +0000 2018,0.0,0.0,1.0,0.0
nytimes,"In Opinion

Op-Ed columnist @michelleinbklyn writes, ""The socialists see themselves as building the world they want‚Ä¶ https://t.co/qOYfxr1SI9",Sat Jun 30 21:15:05 +0000 2018,0.0,0.0,1.0,0.0
nytimes,Belgium has just inaugurated a square after a Congolese leader they jailed and helped overthrow https://t.co/lk3AhwIho4,Sat Jun 30 21:15:05 +0000 2018,-0.4939,0.0,0.802,0.198
nytimes,"In Sarasota, there is a community surrounding a litany of roadside psychics and more than 100 mediums and spiritual‚Ä¶ https://t.co/G7dBeGleZt",Sat Jun 30 21:15:05 +0000 2018,0.0,0.0,1.0,0.0
nytimes,"Japan's Hayabusa2 has arrived at the Ryugu asteroid, sending back views of its dimpled and rock-strewn surface. It'‚Ä¶ https://t.co/JuOGZyOwnK",Sat Jun 30 21:15:05 +0000 2018,0.0,0.0,1.0,0.0
nytimes,"RT @TheSteinLine: With nine hours and change to go until the opening bell, here‚Äôs your leaguewide preview of NBA free agency from SportsSun‚Ä¶",Sat Jun 30 21:15:05 +0000 2018,0.5106,0.13,0.87,0.0
nytimes,"Welcome to a highly diverse Toronto school just for kindergartners: 630 children, 24 classes, 40 languages https://t.co/XpbWI26Pr7",Sat Jun 30 21:00:13 +0000 2018,0.4588,0.167,0.833,0.0
nytimes,"It‚Äôs the season of hot dog condiment blobs, stubborn sunscreen residue and sweat stains ‚Ä¶ everywhere. Here‚Äôs how to‚Ä¶ https://t.co/7HJ9fHRJ5e",Sat Jun 30 21:00:13 +0000 2018,-0.4019,0.0,0.87,0.13
nytimes,"Toys ‚ÄòR‚Äô Us, a brand that dates to 1957, closed the last of its 735 stores across the country  https://t.co/UrEmMeN1jK",Sat Jun 30 21:00:13 +0000 2018,0.0,0.0,1.0,0.0
nytimes,"With the Canada Day tariff, the country joins China, Europe and Mexico, among others, in retaliating against Americ‚Ä¶ https://t.co/tJ3LC4GjPd",Sat Jun 30 21:00:13 +0000 2018,0.0,0.0,1.0,0.0
nytimes,With protests being held around the country on Saturday to demand the reunification of parents and children separat‚Ä¶ https://t.co/HQFpFQbS5U,Sat Jun 30 21:00:13 +0000 2018,-0.34,0.0,0.833,0.167
nytimes,"RT @nytopinion: When @Ocasio2018 asked 15 of her fellow restaurant workers if they had health care and all of them said no, she realized th‚Ä¶",Sat Jun 30 21:00:13 +0000 2018,0.25,0.113,0.81,0.077
nytimes,"In total, organizers anticipated more than 700 protests, in all 50 states and even internationally https://t.co/oqK29G0lbt",Sat Jun 30 21:00:13 +0000 2018,-0.2878,0.0,0.874,0.126
nytimes,"RT @EricLiptonNYT: JUST POSTED: EPA's top ethics official had repeatedly come to defense of Scott Pruitt in ethics memos. Now he reveals, i‚Ä¶",Sat Jun 30 21:00:13 +0000 2018,0.3182,0.136,0.864,0.0
nytimes,"Deep in the Bible Belt, L.G.B.T. communities are fighting for greater visibility and acceptance‚Ä¶ https://t.co/NlMfQt6YeM",Sat Jun 30 21:00:13 +0000 2018,0.0,0.139,0.722,0.139
nytimes,"Cristiano Ronaldo and Lionel Messi, 2 of the best soccer players in the world, were both eliminated from the World‚Ä¶ https://t.co/gnDzkOPoDB",Sat Jun 30 21:00:13 +0000 2018,0.6369,0.181,0.819,0.0
nytimes,"This young Afghan is protesting a war that has, so far, swallowed his father, his uncle, his sister, his eyes and h‚Ä¶ https://t.co/BtJdy5omAz",Sat Jun 30 21:00:13 +0000 2018,-0.7717,0.0,0.749,0.251
nytimes,"Migration into Europe is down ‚Äî except in Spain, where it poses a challenge for the new government https://t.co/FsC4XYZnwa",Sat Jun 30 21:00:13 +0000 2018,0.0772,0.075,0.925,0.0
nytimes,"Uruguay back on top, 2-1! Edinson Cavani scored again. https://t.co/g05nqQDrxw",Sat Jun 30 21:00:13 +0000 2018,0.2714,0.189,0.811,0.0
nytimes,"A short corner, a Guerreiro cross and it‚Äôs Pepe who leaps for the headed goal. Portugal tied Uruguay 1-1 in the 54t‚Ä¶ https://t.co/U7SXQVw3zd",Sat Jun 30 21:00:13 +0000 2018,0.0,0.0,1.0,0.0
nytimes,"The California Bay Area is so expensive, a family of 4 making $117,400 is considered low-income in 3 counties https://t.co/wgQ8x2rkKs",Sat Jun 30 21:00:13 +0000 2018,0.0,0.0,1.0,0.0
nytimes,"In Opinion

Op-Ed columnist @michelleinbklyn writes, ""The socialists see themselves as building the world they want‚Ä¶ https://t.co/qOYfxr1SI9",Sat Jun 30 21:00:13 +0000 2018,0.0,0.0,1.0,0.0
nytimes,Belgium has just inaugurated a square after a Congolese leader they jailed and helped overthrow https://t.co/lk3AhwIho4,Sat Jun 30 21:00:13 +0000 2018,-0.4939,0.0,0.802,0.198
nytimes,"In Sarasota, there is a community surrounding a litany of roadside psychics and more than 100 mediums and spiritual‚Ä¶ https://t.co/G7dBeGleZt",Sat Jun 30 21:00:13 +0000 2018,0.0,0.0,1.0,0.0
nytimes,"Japan's Hayabusa2 has arrived at the Ryugu asteroid, sending back views of its dimpled and rock-strewn surface. It'‚Ä¶ https://t.co/JuOGZyOwnK",Sat Jun 30 21:00:13 +0000 2018,0.0,0.0,1.0,0.0
nytimes,"RT @TheSteinLine: With nine hours and change to go until the opening bell, here‚Äôs your leaguewide preview of NBA free agency from SportsSun‚Ä¶",Sat Jun 30 21:00:13 +0000 2018,0.5106,0.13,0.87,0.0
nytimes,"Welcome to a highly diverse Toronto school just for kindergartners: 630 children, 24 classes, 40 languages https://t.co/XpbWI26Pr7",Sat Jun 30 20:45:05 +0000 2018,0.4588,0.167,0.833,0.0
nytimes,"It‚Äôs the season of hot dog condiment blobs, stubborn sunscreen residue and sweat stains ‚Ä¶ everywhere. Here‚Äôs how to‚Ä¶ https://t.co/7HJ9fHRJ5e",Sat Jun 30 20:45:05 +0000 2018,-0.4019,0.0,0.87,0.13
nytimes,"Toys ‚ÄòR‚Äô Us, a brand that dates to 1957, closed the last of its 735 stores across the country  https://t.co/UrEmMeN1jK",Sat Jun 30 20:45:05 +0000 2018,0.0,0.0,1.0,0.0
nytimes,"With the Canada Day tariff, the country joins China, Europe and Mexico, among others, in retaliating against Americ‚Ä¶ https://t.co/tJ3LC4GjPd",Sat Jun 30 20:45:05 +0000 2018,0.0,0.0,1.0,0.0
nytimes,With protests being held around the country on Saturday to demand the reunification of parents and children separat‚Ä¶ https://t.co/HQFpFQbS5U,Sat Jun 30 20:45:05 +0000 2018,-0.34,0.0,0.833,0.167
nytimes,"RT @nytopinion: When @Ocasio2018 asked 15 of her fellow restaurant workers if they had health care and all of them said no, she realized th‚Ä¶",Sat Jun 30 20:45:05 +0000 2018,0.25,0.113,0.81,0.077
nytimes,"In total, organizers anticipated more than 700 protests, in all 50 states and even internationally https://t.co/oqK29G0lbt",Sat Jun 30 20:45:05 +0000 2018,-0.2878,0.0,0.874,0.126
nytimes,"RT @EricLiptonNYT: JUST POSTED: EPA's top ethics official had repeatedly come to defense of Scott Pruitt in ethics memos. Now he reveals, i‚Ä¶",Sat Jun 30 20:45:05 +0000 2018,0.3182,0.136,0.864,0.0
nytimes,"Deep in the Bible Belt, L.G.B.T. communities are fighting for greater visibility and acceptance‚Ä¶ https://t.co/NlMfQt6YeM",Sat Jun 30 20:45:05 +0000 2018,0.0,0.139,0.722,0.139
nytimes,"Cristiano Ronaldo and Lionel Messi, 2 of the best soccer players in the world, were both eliminated from the World‚Ä¶ https://t.co/gnDzkOPoDB",Sat Jun 30 20:45:05 +0000 2018,0.6369,0.181,0.819,0.0
nytimes,"This young Afghan is protesting a war that has, so far, swallowed his father, his uncle, his sister, his eyes and h‚Ä¶ https://t.co/BtJdy5omAz",Sat Jun 30 20:45:05 +0000 2018,-0.7717,0.0,0.749,0.251
nytimes,"Migration into Europe is down ‚Äî except in Spain, where it poses a challenge for the new government https://t.co/FsC4XYZnwa",Sat Jun 30 20:45:05 +0000 2018,0.0772,0.075,0.925,0.0
nytimes,"Uruguay back on top, 2-1! Edinson Cavani scored again. https://t.co/g05nqQDrxw",Sat Jun 30 20:45:05 +0000 2018,0.2714,0.189,0.811,0.0
nytimes,"A short corner, a Guerreiro cross and it‚Äôs Pepe who leaps for the headed goal. Portugal tied Uruguay 1-1 in the 54t‚Ä¶ https://t.co/U7SXQVw3zd",Sat Jun 30 20:45:05 +0000 2018,0.0,0.0,1.0,0.0
nytimes,"The California Bay Area is so expensive, a family of 4 making $117,400 is considered low-income in 3 counties https://t.co/wgQ8x2rkKs",Sat Jun 30 20:45:05 +0000 2018,0.0,0.0,1.0,0.0
nytimes,"In Opinion

Op-Ed columnist @michelleinbklyn writes, ""The socialists see themselves as building the world they want‚Ä¶ https://t.co/qOYfxr1SI9",Sat Jun 30 20:45:05 +0000 2018,0.0,0.0,1.0,0.0
nytimes,Belgium has just inaugurated a square after a Congolese leader they jailed and helped overthrow https://t.co/lk3AhwIho4,Sat Jun 30 20:45:05 +0000 2018,-0.4939,0.0,0.802,0.198
nytimes,"In Sarasota, there is a community surrounding a litany of roadside psychics and more than 100 mediums and spiritual‚Ä¶ https://t.co/G7dBeGleZt",Sat Jun 30 20:45:05 +0000 2018,0.0,0.0,1.0,0.0
nytimes,"Japan's Hayabusa2 has arrived at the Ryugu asteroid, sending back views of its dimpled and rock-strewn surface. It'‚Ä¶ https://t.co/JuOGZyOwnK",Sat Jun 30 20:45:05 +0000 2018,0.0,0.0,1.0,0.0
nytimes,"RT @TheSteinLine: With nine hours and change to go until the opening bell, here‚Äôs your leaguewide preview of NBA free agency from SportsSun‚Ä¶",Sat Jun 30 20:45:05 +0000 2018,0.5106,0.13,0.87,0.0
nytimes,"Welcome to a highly diverse Toronto school just for kindergartners: 630 children, 24 classes, 40 languages https://t.co/XpbWI26Pr7",Sat Jun 30 20:30:02 +0000 2018,0.4588,0.167,0.833,0.0
nytimes,"It‚Äôs the season of hot dog condiment blobs, stubborn sunscreen residue and sweat stains ‚Ä¶ everywhere. Here‚Äôs how to‚Ä¶ https://t.co/7HJ9fHRJ5e",Sat Jun 30 20:30:02 +0000 2018,-0.4019,0.0,0.87,0.13
nytimes,"Toys ‚ÄòR‚Äô Us, a brand that dates to 1957, closed the last of its 735 stores across the country  https://t.co/UrEmMeN1jK",Sat Jun 30 20:30:02 +0000 2018,0.0,0.0,1.0,0.0
nytimes,"With the Canada Day tariff, the country joins China, Europe and Mexico, among others, in retaliating against Americ‚Ä¶ https://t.co/tJ3LC4GjPd",Sat Jun 30 20:30:02 +0000 2018,0.0,0.0,1.0,0.0
nytimes,With protests being held around the country on Saturday to demand the reunification of parents and children separat‚Ä¶ https://t.co/HQFpFQbS5U,Sat Jun 30 20:30:02 +0000 2018,-0.34,0.0,0.833,0.167
nytimes,"RT @nytopinion: When @Ocasio2018 asked 15 of her fellow restaurant workers if they had health care and all of them said no, she realized th‚Ä¶",Sat Jun 30 20:30:02 +0000 2018,0.25,0.113,0.81,0.077
nytimes,"In total, organizers anticipated more than 700 protests, in all 50 states and even internationally https://t.co/oqK29G0lbt",Sat Jun 30 20:30:02 +0000 2018,-0.2878,0.0,0.874,0.126
nytimes,"RT @EricLiptonNYT: JUST POSTED: EPA's top ethics official had repeatedly come to defense of Scott Pruitt in ethics memos. Now he reveals, i‚Ä¶",Sat Jun 30 20:30:02 +0000 2018,0.3182,0.136,0.864,0.0
nytimes,"Deep in the Bible Belt, L.G.B.T. communities are fighting for greater visibility and acceptance‚Ä¶ https://t.co/NlMfQt6YeM",Sat Jun 30 20:30:02 +0000 2018,0.0,0.139,0.722,0.139
nytimes,"Cristiano Ronaldo and Lionel Messi, 2 of the best soccer players in the world, were both eliminated from the World‚Ä¶ https://t.co/gnDzkOPoDB",Sat Jun 30 20:30:02 +0000 2018,0.6369,0.181,0.819,0.0
nytimes,"This young Afghan is protesting a war that has, so far, swallowed his father, his uncle, his sister, his eyes and h‚Ä¶ https://t.co/BtJdy5omAz",Sat Jun 30 20:30:02 +0000 2018,-0.7717,0.0,0.749,0.251
nytimes,"Migration into Europe is down ‚Äî except in Spain, where it poses a challenge for the new government https://t.co/FsC4XYZnwa",Sat Jun 30 20:30:02 +0000 2018,0.0772,0.075,0.925,0.0
nytimes,"Uruguay back on top, 2-1! Edinson Cavani scored again. https://t.co/g05nqQDrxw",Sat Jun 30 20:30:02 +0000 2018,0.2714,0.189,0.811,0.0
nytimes,"A short corner, a Guerreiro cross and it‚Äôs Pepe who leaps for the headed goal. Portugal tied Uruguay 1-1 in the 54t‚Ä¶ https://t.co/U7SXQVw3zd",Sat Jun 30 20:30:02 +0000 2018,0.0,0.0,1.0,0.0
nytimes,"The California Bay Area is so expensive, a family of 4 making $117,400 is considered low-income in 3 counties https://t.co/wgQ8x2rkKs",Sat Jun 30 20:30:02 +0000 2018,0.0,0.0,1.0,0.0
nytimes,"In Opinion

Op-Ed columnist @michelleinbklyn writes, ""The socialists see themselves as building the world they want‚Ä¶ https://t.co/qOYfxr1SI9",Sat Jun 30 20:30:02 +0000 2018,0.0,0.0,1.0,0.0
nytimes,Belgium has just inaugurated a square after a Congolese leader they jailed and helped overthrow https://t.co/lk3AhwIho4,Sat Jun 30 20:30:02 +0000 2018,-0.4939,0.0,0.802,0.198
nytimes,"In Sarasota, there is a community surrounding a litany of roadside psychics and more than 100 mediums and spiritual‚Ä¶ https://t.co/G7dBeGleZt",Sat Jun 30 20:30:02 +0000 2018,0.0,0.0,1.0,0.0
nytimes,"Japan's Hayabusa2 has arrived at the Ryugu asteroid, sending back views of its dimpled and rock-strewn surface. It'‚Ä¶ https://t.co/JuOGZyOwnK",Sat Jun 30 20:30:02 +0000 2018,0.0,0.0,1.0,0.0
nytimes,"RT @TheSteinLine: With nine hours and change to go until the opening bell, here‚Äôs your leaguewide preview of NBA free agency from SportsSun‚Ä¶",Sat Jun 30 20:30:02 +0000 2018,0.5106,0.13,0.87,0.0
nytimes,"Welcome to a highly diverse Toronto school just for kindergartners: 630 children, 24 classes, 40 languages https://t.co/XpbWI26Pr7",Sat Jun 30 20:19:06 +0000 2018,0.4588,0.167,0.833,0.0
nytimes,"It‚Äôs the season of hot dog condiment blobs, stubborn sunscreen residue and sweat stains ‚Ä¶ everywhere. Here‚Äôs how to‚Ä¶ https://t.co/7HJ9fHRJ5e",Sat Jun 30 20:19:06 +0000 2018,-0.4019,0.0,0.87,0.13
nytimes,"Toys ‚ÄòR‚Äô Us, a brand that dates to 1957, closed the last of its 735 stores across the country  https://t.co/UrEmMeN1jK",Sat Jun 30 20:19:06 +0000 2018,0.0,0.0,1.0,0.0
nytimes,"With the Canada Day tariff, the country joins China, Europe and Mexico, among others, in retaliating against Americ‚Ä¶ https://t.co/tJ3LC4GjPd",Sat Jun 30 20:19:06 +0000 2018,0.0,0.0,1.0,0.0
nytimes,With protests being held around the country on Saturday to demand the reunification of parents and children separat‚Ä¶ https://t.co/HQFpFQbS5U,Sat Jun 30 20:19:06 +0000 2018,-0.34,0.0,0.833,0.167
nytimes,"RT @nytopinion: When @Ocasio2018 asked 15 of her fellow restaurant workers if they had health care and all of them said no, she realized th‚Ä¶",Sat Jun 30 20:19:06 +0000 2018,0.25,0.113,0.81,0.077
nytimes,"In total, organizers anticipated more than 700 protests, in all 50 states and even internationally https://t.co/oqK29G0lbt",Sat Jun 30 20:19:06 +0000 2018,-0.2878,0.0,0.874,0.126
nytimes,"RT @EricLiptonNYT: JUST POSTED: EPA's top ethics official had repeatedly come to defense of Scott Pruitt in ethics memos. Now he reveals, i‚Ä¶",Sat Jun 30 20:19:06 +0000 2018,0.3182,0.136,0.864,0.0
nytimes,"Deep in the Bible Belt, L.G.B.T. communities are fighting for greater visibility and acceptance‚Ä¶ https://t.co/NlMfQt6YeM",Sat Jun 30 20:19:06 +0000 2018,0.0,0.139,0.722,0.139
nytimes,"Cristiano Ronaldo and Lionel Messi, 2 of the best soccer players in the world, were both eliminated from the World‚Ä¶ https://t.co/gnDzkOPoDB",Sat Jun 30 20:19:06 +0000 2018,0.6369,0.181,0.819,0.0
nytimes,"This young Afghan is protesting a war that has, so far, swallowed his father, his uncle, his sister, his eyes and h‚Ä¶ https://t.co/BtJdy5omAz",Sat Jun 30 20:19:06 +0000 2018,-0.7717,0.0,0.749,0.251
nytimes,"Migration into Europe is down ‚Äî except in Spain, where it poses a challenge for the new government https://t.co/FsC4XYZnwa",Sat Jun 30 20:19:06 +0000 2018,0.0772,0.075,0.925,0.0
nytimes,"Uruguay back on top, 2-1! Edinson Cavani scored again. https://t.co/g05nqQDrxw",Sat Jun 30 20:19:06 +0000 2018,0.2714,0.189,0.811,0.0
nytimes,"A short corner, a Guerreiro cross and it‚Äôs Pepe who leaps for the headed goal. Portugal tied Uruguay 1-1 in the 54t‚Ä¶ https://t.co/U7SXQVw3zd",Sat Jun 30 20:19:06 +0000 2018,0.0,0.0,1.0,0.0
nytimes,"The California Bay Area is so expensive, a family of 4 making $117,400 is considered low-income in 3 counties https://t.co/wgQ8x2rkKs",Sat Jun 30 20:19:06 +0000 2018,0.0,0.0,1.0,0.0
nytimes,"In Opinion

Op-Ed columnist @michelleinbklyn writes, ""The socialists see themselves as building the world they want‚Ä¶ https://t.co/qOYfxr1SI9",Sat Jun 30 20:19:06 +0000 2018,0.0,0.0,1.0,0.0
nytimes,Belgium has just inaugurated a square after a Congolese leader they jailed and helped overthrow https://t.co/lk3AhwIho4,Sat Jun 30 20:19:06 +0000 2018,-0.4939,0.0,0.802,0.198
nytimes,"In Sarasota, there is a community surrounding a litany of roadside psychics and more than 100 mediums and spiritual‚Ä¶ https://t.co/G7dBeGleZt",Sat Jun 30 20:19:06 +0000 2018,0.0,0.0,1.0,0.0
nytimes,"Japan's Hayabusa2 has arrived at the Ryugu asteroid, sending back views of its dimpled and rock-strewn surface. It'‚Ä¶ https://t.co/JuOGZyOwnK",Sat Jun 30 20:19:06 +0000 2018,0.0,0.0,1.0,0.0
nytimes,"RT @TheSteinLine: With nine hours and change to go until the opening bell, here‚Äôs your leaguewide preview of NBA free agency from SportsSun‚Ä¶",Sat Jun 30 20:19:06 +0000 2018,0.5106,0.13,0.87,0.0
